"","name","n","lat.50","lon.50","temp.50","trange.50","p.50","seasonp.50","delta.lat","delta.lon","delta.temp","delta.trange","delta.p","delta.pseason","pixelsum","Amazonia","Cerrado","Caatinga","MataAtlantica","Pampa","Pantanal"
"1","Abarema cochliacarpos",172,-11.7725,-39.1075,239,128,1223.5,54,15.9429825,7.9389315,62,64.9,1245.75,47,172,0,57,0,90,0,0
"2","Acanthocladus pulcherrimus",18,-18.287325,-40.020365,241,141,1197.5,47.5,9.673292,3.17336,12.15,44.45,624.75,38.1,18,0,0,0,17,0,0
"3","Acnistus arborescens",408,-1.6,-75.52497,208,139,1499.5,58,44.8452795,63.786926,105.95,125.3,2384.65,83.3,408,0,13,7,111,0,0
"4","Acosmium lentiscifolium",25,-22.2358,-41.83333,231,147,1081,44,9.344418,3.22561200000001,23,57.6,624.4,45.9999999999999,29,0,5,1,17,0,0
"5","Sweetia fruticosa",81,-15.26556,-52.48333,230,174,1317,57,12.86734,28.51333,61,81,1173,55,77,2,7,11,20,0,3
"6","Actinostemon concolor",377,-23.5917,-49.41056,204,181,1467,29,25.242756,31.538244,77.2,119.2,1407.4,63.2,377,6,40,9,222,11,0
"7","Actinostemon klotzschii",112,-21.42637,-46.291665,224.5,175,1260.5,58.5,19.3992325,18.122043,71.45,85.35,920.35,53.9,112,6,4,19,69,0,3
"8","Actinostemon verticillatus",67,-15.16667,-40.13333,233,137,1279,52,15.41071,10.355705,66.8,85.4,1313.5,53.2,67,1,5,1,52,0,0
"9","Adenocalymma subsessilifolium",15,-22.5,-42.26056,232,148,1188,48,9.19358799999999,2.542665,28.2,56.2,204.8,52,15,0,1,0,12,0,0
"10","Aegiphila integrifolia",562,-10.318055,-58.89165,238,138,1672.5,46,34.023981,37.932358,96,94,2750.84999999999,60,562,42,10,33,191,2,0
"11","Aegiphila sellowiana",252,-22.58847,-47.051565,204,177,1482.5,54,18.9024595,16.747453,80.45,90.45,1502.1,64.45,252,5,13,51,161,3,0
"12","Aiouea saligna",104,-22.57392,-48.262105,212,165,1517.5,44,21.497648,13.590441,78,73.7,1064.3,71,104,4,3,15,62,7,0
"13","Albizia pedicellaris",311,-11.58889,-47.5505,244,124,1804,46,29.32375,40.29371,63,78,2166,60.5,310,54,24,2,119,0,0
"14","Albizia polycephala",268,-14.17889,-40.634895,229,145,1101,55,16.084927,17.6956175,60.3,83.65,1081.1,70.65,268,0,90,19,131,0,5
"15","Alchornea glandulosa",728,-12.20611,-68.73375,215,140,1746,41,35.187404,36.74749,100.65,111.3,2626.9,62,686,18,4,34,134,0,0
"16","Alchornea triplinervia",870,-14.598055,-53.215,212,151,1544,43,35.074,37.5440545,105,98,2371.4,63.55,870,42,86,65,263,6,7
"17","Algernonia leandrii",15,-22.55759,-42.72861,231,151,1341,47,8.0349,6.21207499999999,55.3,52.8,1106.3,36.9,15,0,0,0,12,0,0
"18","Algernonia obovata",7,-21.0642,-41.3664,229,145,1085,49,9.137946,3.357196,45.3,67.4,1241.1,31,7,0,0,0,4,0,0
"19","Allagoptera caudescens",65,-18.36253,-39.73222,240,131,1256,46,11.81025,4.86348,38.2,60.6,919.8,46,65,0,0,0,55,0,0
"20","Allophylus edulis",693,-23.06539,-51.97667,206,189,1390,42,22.81546,28.31465,90.4,142.4,1188,76,693,15,22,45,319,21,8
"21","Allophylus laevigatus",40,-7.83333,-35.800735,247.5,122,1342,61,8.0131025,5.6234155,46,42.4,1207.95,71.75,40,0,7,0,27,0,0
"22","Allophylus petiolulatus",166,-23.834445,-48.33138,209,168,1647,43,12.833405,27.86727,78.5,61.25,1313,41.25,166,0,0,9,110,0,0
"23","Almeidea rubra",66,-19.78365,-40.93014,231,148,1162.5,52,10.5248525,28.5621375,34.75,66.5,983.75,40.5,66,0,5,1,50,0,0
"24","Aloysia virgata",460,-22.67595,-55.75278,217,193.5,1361.5,52,21.0711975,34.0054185,78.05,123.05,1168.2,74.1,459,3,18,63,127,0,15
"25","Alseis floribunda",244,-14.3281,-40.6,226.5,147,1249,48,19.2611475,15.0328845,68.55,89.7,1417.1,53.85,244,3,67,2,158,0,0
"26","Alseis pickelii",71,-9.33766,-35.80618,248,117,1439,62,8.764145,6.233195,29,54,1147,32,71,0,12,0,46,0,0
"27","Amaioua intermedia",234,-22.223335,-45.24675,205.5,171,1445,58,15.890981,11.9092755,76.7,88,1226.25,61.7,234,7,14,40,159,0,0
"28","Ampelocera glabra",8,-16.968335,-40.259675,229.5,148,1153,53,6.9304835,15.012374,27.75,75.65,435.2,51.45,8,0,0,0,7,0,0
"29","Anadenanthera colubrina",1927,-15.16667,-47.08676,236,173,1020,71,19.200096,28.040919,81,120.7,1208.1,73,1446,57,513,250,204,0,65
"30","Anadenanthera peregrina",457,-17.92306,-48.80913,233,172,1389,68,30.58703,30.682336,84.2,82.6,1559.6,52,457,24,18,183,127,1,13
"31","Anaxagorea dolichocarpa",474,-1.311245,-58.6667,253,114,2126.5,49,27.055096,41.292679,48.35,89.35,2437.95,55,474,85,5,3,97,0,0
"32","Anaxagorea silvatica",10,-19.9425,-40.60244,205,156.5,1280,52,2.37961,3.2489655,52.45,46.85,231.2,33.6,10,0,0,1,9,0,0
"33","Andira anthelmia",87,-22.5,-46.39972,223,160,1358,47,13.235606,13.033896,72.4,86.4,1319.6,55.7,87,1,2,10,66,0,0
"34","Andira fraxinifolia",438,-18.596445,-41.441665,230,150.5,1381,48,17.537368,12.7430925,70.3,90,1422.2,69,438,2,61,57,233,0,0
"35","Andira ormosioides",34,-19.88139,-42.81111,219,161,1410,59,14.8945045,9.8057155,53.5,69.75,1360.9,55.4,34,0,4,4,22,0,0
"36","Andradea floribunda",18,-20.88861,-41.74783,230,148,1152,50.5,7.7351455,3.16012500000001,41.55,74.5,507.649999999999,46.45,18,0,0,0,14,0,0
"37","Angostura bracteata",43,-16.91667,-40.1115,237,143,1162,45,9.86368,5.613943,51.1,69.3,815.9,51.7,43,1,5,1,32,0,0
"38","Aniba firmula",180,-22.875125,-45.702985,208.5,173,1506.5,49,15.2795265,10.909597,76.3999999999999,71.1,1075.25,64,180,6,0,18,139,0,2
"39","Annona acutiflora",33,-19.82056,-40.27806,241,135,1202,43,8.879222,4.038166,33.2,47,647.399999999999,35.4,33,0,0,0,24,0,0
"40","Annona cacans",82,-22.54111,-47.477085,198.5,181,1446,49,19.092472,18.1269595,78.7,82.9,761.05,62.95,82,1,2,6,63,4,2
"41","Annona dolabripetala",236,-20.71667,-43.27027,212,166,1441.5,49,11.2358325,9.30650999999999,72,87.5,1341.5,67,192,3,2,14,157,0,0
"42","Annona sylvatica",358,-22.53225,-46.61836,195,183,1428.5,57.5,17.756278,12.887663,75.15,67,1080.9,77,271,5,29,24,191,10,3
"43","Aparisthmium cordatum",716,-3.83333,-61.808335,249.5,120,2304,43,30.7275025,38.54618,73.25,85,2633.75,59,716,134,15,8,156,0,0
"44","Apuleia leiocarpa",435,-13.25337,-48.19694,243,153,1541,62,27.976832,37.448291,77.6,101.6,1715,69,434,62,43,84,126,2,1
"45","Artocarpus heterophyllus",126,6.17611,36.27416,228,163,1611.5,65,49.4330275,232.645585,104.5,149.75,2594.75,74,126,7,1,3,19,1,0
"46","Aspidosperma discolor",129,-13.16056,-41.83333,238,151,1472,62,20.92533,29.062396,73.8,93.6,1681.8,70,129,5,39,35,31,0,0
"47","Aspidosperma illustre",14,-16.589705,-39.82022,234.5,134,1192,58.5,12.3388605,6.4368175,53.3,78.95,1183.25,43.1,14,0,3,0,10,0,0
"48","Aspidosperma parvifolium",237,-12.335,-58.75,244,146,1515,56,29.894714,35.965614,90.4,91.4,2103.6,71.8,237,39,25,25,53,0,5
"49","Aspidosperma polyneuron",137,-18.8325,-51.70167,219,172,1338,56,35.891056,38.160032,93.2,98.4,1132.4,65,137,0,11,11,57,0,0
"50","Aspidosperma spruceanum",296,-1.06666,-66.29333,253,126,2248,55,33.7159725,53.4192375,69.25,90.25,2895,66,296,45,14,26,30,0,0
"51","Astrocaryum aculeatissimum",53,-20.91444,-41.73194,224,157,1301,48,6.692666,8.688186,46.8,57.4,897.4,38.8,53,0,0,0,45,0,0
"52","Astronium concinnum",34,-14.064515,-39.99514,234.5,126,1009.5,44,8.541992,2.674975,36.1,62.05,689.4,41.1,34,0,9,1,24,0,0
"53","Astronium graveolens",508,11.00085,-84.623125,250.5,157,1361,68,43.3044235,62.299765,82.3,93,2158.6,75,507,7,14,18,44,0,1
"54","Attalea dubia",12,-23.86347,-46.954585,182.5,174,1683,43.5,4.5895385,6.5131715,54.2,23.95,1012.05,39.85,12,0,0,0,11,0,0
"55","Attalea humilis",45,-18.89222,-39.96117,241,138,1207,44,10.040446,3.668,16.6,59.2,680.4,47.4,45,0,0,0,37,0,0
"56","Aureliana fasciculata",446,-22.5254,-44.8435,204.5,167,1512.5,44,17.7974275,17.1513725,89.25,103.5,1436,57.75,446,8,13,12,361,0,0
"57","Balfourodendron riedelianum",165,-23.77214,-52.88639,206,199,1465,34,12.2975559999999,15.934018,64.2,73.6,838.4,57,165,2,7,18,89,0,1
"58","Banara brasiliensis",30,-13.34403,-39.13333,232,129.5,1462.5,46.5,14.9344825,7.91970649999999,52.4,58.75,1151.85,47.55,30,0,3,0,22,0,0
"59","Banara serrata",24,-19.972225,-40.597095,211,154.5,1308,51.5,7.546994,5.583041,82.9,85.1,777.549999999999,54,24,0,0,0,24,0,0
"60","Phyllocarpus riedelii",42,-11.941665,-69.04972,243,146,1825.5,55,37.5634675,49.292804,42.85,68.7,2516.1,52.65,NA,NA,NA,NA,NA,NA,NA
"61","Pterygota brasiliensis",13,-19.84689,-40.90728,238,148,1156,59,15.311796,6.383808,33.8,82.6,645.6,24.8,NA,NA,NA,NA,NA,NA,NA
"62","Bathysa gymnocarpa",23,-22.76326,-43.26667,211,162,1529,53,7.5807,4.845889,65.4,56,1053.3,32.7,23,0,0,1,19,0,0
"63","Bathysa mendoncaei",47,-22.45,-42.53889,215,154,1439,47,9.194437,6.84902400000001,87,68.5,1220.5,48.9,47,0,1,0,40,0,0
"64","Bathysa stipulata",53,-22.54528,-43.15639,208,159,1503,47,5.507184,6.39977200000001,70.6,46,1257.8,32.6,53,0,0,0,47,0,0
"65","Bauhinia forficata",595,-22.95639,-48.57083,205,185,1442,43,20.374357,25.639669,88.3,128.6,1339.8,76,551,20,35,41,330,7,2
"66","Beilschmiedia angustifolia",4,-22.510695,-43.15083,201.5,169,1614,58.5,0.154729999999997,0.635000000000005,37,4,230,1,2,0,0,0,2,0,0
"67","Beilschmiedia fluminensis",3,-19.92222,-40.58917,205,156,1301,51,2.699514,2.389149,29.7,23.4,66.5999999999999,15.3,3,0,0,0,2,0,0
"68","Brasiliopuntia brasiliensis",205,-18.10833,-42.29055,231,153,1157,50,34.8401479999999,37.474972,67.1999999999999,108.6,1212.6,55.6,205,0,20,3,76,0,2
"69","Brosimum glaziovii",41,-22.6819,-46.55,200,181,1414,55,9.67195,9.7877,62,54,618,56,41,0,0,2,38,1,0
"70","Brosimum guianense",767,-0.6,-69.28333,254,121,2408,50,37.004835,49.960744,68.6999999999999,90,2853.5,60,767,115,10,11,79,0,0
"71","Brosimum lactescens",464,-2.935605,-69.96278,255,135,2383.5,52,35.1477114999999,39.3083865,73.85,87.85,2675.35,59,463,79,2,9,22,0,4
"72","Byrsonima intermedia",557,-21.17293,-48.44128,209,181,1439,67,11.305286,12.756352,83.5999999999999,49.1999999999999,664,57,557,5,4,292,201,2,13
"73","Byrsonima laxiflora",154,-16.05,-48.17427,227,165,1501,76,13.0695925,13.103006,64.35,57.7,631.15,29,154,6,1,122,17,0,5
"74","Byrsonima sericea",837,-12.53333,-40.2394,239,139,1269,59,14.424778,12.930704,65,86.1999999999999,1201.2,71,837,13,232,118,360,0,2
"75","Cabralea canjerana",663,-22.39111,-48.87,201,176,1569,46,27.830474,35.131904,89.9,105.9,1967.4,73,663,12,7,107,354,6,0
"76","Calophyllum brasiliense",1041,-0.03333,-68.44217,245,147,1961,59,41.28903,53.98666,83,96,2352,73,1041,105,26,141,99,0,14
"77","Calyptranthes brasiliensis",183,-17.07917,-40.34333,235,140,1263,52,14.795237,10.314997,72.7,75.9,1074.1,68.8,183,0,36,19,93,0,0
"78","Calyptranthes concinna",261,-25.38528,-50.63038,194,192,1536,26,12.58028,11.52612,75,71,916,68,261,1,0,36,148,6,0
"79","Calyptranthes grandiflora",11,-24.10056,-49,183,169,1441,43,7.804525,9.71395,57,53,789.5,49.5,11,0,0,1,9,0,0
"80","Calyptranthes lucida",202,-18.55875,-49.001385,224,167,1653.5,50.5,35.870234,34.684792,101,94.9,2061.6,65.9,202,28,9,30,85,0,5
"81","Calyptranthes strigipes",38,-23.42389,-45.44505,201,177,1652,45.5,6.673958,8.575625,57.55,41.4,882.1,39.9,38,0,0,0,35,0,0
"82","Campomanesia eugenioides",204,-10.90306,-39.76667,232.5,146.5,873,60.5,15.7605415,18.679762,64,69.4,1253.2,60,203,0,108,44,44,0,4
"83","Campomanesia guaviroba",214,-23.1601,-47.08958,200.5,178,1435.5,44,14.6207205,15.007838,77.7,96.05,1020.75,60.35,214,1,6,22,156,0,0
"84","Campomanesia guazumifolia",248,-24.083585,-51.18,202.5,196,1509.5,30,8.8110025,16.6432885,85,96,805.3,63,248,0,1,23,139,3,0
"85","Campomanesia xanthocarpa",339,-25.53858,-50.76083,194,191,1515,27,14.003391,16.063754,72.1,77.2,773.9,65.1,339,0,5,30,218,17,0
"86","Monilicarpa brasiliana",9,-13.94472,-41.01667,227,144,861,51,9.689808,11.193726,41.6,80.6,678.4,51.8,NA,NA,NA,NA,NA,NA,NA
"87","Cariniana estrellensis",308,-20.433055,-48.463195,215,176.5,1428,59,13.10382,28.4637815,72.65,61.65,1093.95,55.65,308,10,2,78,134,0,1
"88","Cariniana legalis",87,-19.60889,-41.73194,228,155,1315,59,15.522049,11.739627,64.1,85.4,909.7,64.3,87,2,2,6,71,0,0
"89","Cariniana rubra",84,-12.405,-48.554165,255,167.5,1667.5,77,9.288458,12.858057,37.85,55.4,795.149999999999,21.7,84,23,0,59,1,0,1
"90","Carpotroche brasiliensis",142,-18.90314,-40.275515,237,142,1268,47,10.483466,5.575549,47.95,88,1040,64.85,142,3,0,3,122,0,0
"91","Caryocar edule",24,-16.416665,-39.7808,232.5,124.5,1300.5,37.5,7.285696,2.74371600000001,41.4,67.85,735.85,63.6499999999999,24,0,1,0,21,0,0
"92","Casearia arborea",1087,-4.15805,-63.5,244,131,1970,52,38.475177,44.963819,79,89.4,3278.6,68,1087,152,92,100,171,0,0
"93","Casearia commersoniana",712,-2.585495,-54.395,249,128,1867,54,36.460314,51.8083315,68,85,2993.35,72.4499999999999,710,67,84,44,146,0,0
"94","Casearia decandra",650,-19.412745,-53.056245,216,170.5,1580.5,44,46.4946625,35.2780065,101.65,114.55,1739.7,68.55,650,59,12,45,245,12,11
"95","Casearia obliqua",174,-23.25376,-47.56325,189.5,179,1476,47.5,11.228704,11.065771,70.35,68.15,844.6,69.7,174,1,2,22,137,0,0
"96","Casearia pauciflora",30,-22.405545,-42.98141,210,161.5,1479.5,56,4.6079905,4.60338149999999,93.1,45.3,678.7,32.65,30,0,0,1,26,0,0
"97","Casearia resinifera",49,-4.14444,-68.51214,264,114,2474,32,17.420634,24.6628319999999,32.8,41.6,1610.4,41.8,49,28,0,0,3,0,0
"98","Casearia sylvestris",2943,-12.30778,-56.84144,233,160,1531,58,44.93617,53.995276,92,105,2269.2,70,2942,117,135,454,677,25,25
"99","Cathedra rubricaulis",19,-20.75,-41.33,233,141,1141,44,10.066801,5.078017,49.1,67.1999999999999,836.099999999999,57.7,19,0,1,1,14,0,0
"100","Cecropia glaziovii",107,-22.45,-44.56667,206,174,1419,48,14.971138,13.382393,73.8,88.1,938.699999999999,55.4,107,2,0,4,94,0,0
"101","Cecropia hololeuca",53,-20.80208,-42.25528,218,159,1320,54,9.23628,7.7347,58,87.6,677.4,58.4,53,2,0,3,46,0,0
"102","Cecropia pachystachya",558,-18.78236,-47.47332,228,171,1419.5,55.5,19.6817325,20.3432905,70,123.3,1146,69,558,16,37,145,242,5,16
"103","Cedrela odorata",1256,11.5,-84.065,242,157,1542,62,43.33083,60.7378875,104,134.5,2710,84.25,1256,46,31,33,48,0,0
"104","Ceiba crispiflora",6,-18.65179,-59.56555,220.5,168,1644.5,43.5,20.088745,27.33795,71,47.75,1134.25,47.25,6,0,0,0,2,1,0
"105","Ceiba erianthos",70,-14.63778,-41.040555,228.5,149,1047,55,11.6417505,6.84042849999999,51,72.55,969,56.2,70,1,28,2,33,0,0
"106","Celtis iguanaea",2075,-1.56666,-74.06233,239,168,1348,63,48.942443,63.146587,92,135,2472.4,93,2075,53,127,153,246,11,27
"107","Celtis orthacanthos",4,-15.961665,-42.528335,228,167.5,1162.5,56.5,10.9399625,4.78414949999999,13.6,49.2,761,42.65,4,0,1,1,2,0,0
"108","Centrolobium robustum",20,-21.70665,-45.056665,229,159,1493.5,45.5,24.518764,30.4550065000001,74.9,72.4,1368.55,66.4,20,0,0,2,14,0,0
"109","Centrolobium sclerophyllum",31,-14.05,-41.52639,231,152,987,52,10.034965,4.35833,56.5,64,576.5,68,31,0,11,4,13,0,0
"110","Chamaecrista ensiformis",240,-14.478355,-40.06634,242,131,1319.5,56,18.939762,12.470987,59.1,86.1,1128.1,74.05,240,13,16,26,150,0,0
"111","Chionanthus filiformis",65,-25.3972,-48.90924,190,179,1546,31,8.949506,8.749576,53.4,46.8,835.2,48.6,65,0,0,5,55,1,0
"112","Chrysochlamys saldanhae",30,-22,-42.8375,184.5,170,1506.5,61.5,3.1500985,5.020969,59.45,36.2,588.1,29.3,30,0,0,0,30,0,0
"113","Chrysophyllum flexuosum",112,-23.395,-45.44006,218,165.5,1726.5,45,10.5721625,9.22940299999999,78.45,85.9,1403.05,48.1499999999999,112,1,1,1,87,0,0
"114","Chrysophyllum gonocarpum",481,-22.43333,-52.62,211,190,1363,45,15.32695,25.12139,67,123,1116,73,481,14,8,40,210,9,1
"115","Chrysophyllum imperiale",4,-22.670145,-43.0205,210.5,167,1422,58.5,1.0506695,3.372086,44.5,36.9,256,24.8,4,0,0,0,3,0,0
"116","Chrysophyllum lucentifolium",142,-10.25833,-54.417765,247,133,1629,53.5,31.7543035,40.4761205,54.8,92,2288.75,63.85,142,38,3,1,40,0,0
"117","Chrysophyllum splendens",108,-15.15,-39.185195,241,116,1476,45,12.502904,7.6171665,42.65,73.3,1238.95,55.95,108,0,6,2,87,0,0
"118","Chrysophyllum viride",54,-25.408105,-48.87711,179,178.5,1543,30,12.0369115,10.1522485,74.45,78.55,711.45,52.7,54,0,0,0,51,0,0
"119","Ocotea riedeliana",27,-22.90696,-43.42694,201,168,1431,35,9.061513,9.308133,60.4,48.6,568.1,43.8,NA,NA,NA,NA,NA,NA,NA
"120","Citharexylum myrianthum",175,-24.08333,-48.9,209,184,1467,38,19.366139,17.914052,74.9,92,1264.3,61,175,10,3,6,107,5,0
"121","Citronella paniculata",142,-23.92693,-48.38875,195,182,1520,43,11.498591,15.637203,78.85,83.7499999999999,916.9,55.9,142,0,1,5,104,0,0
"122","Citrus reticulata",244,20.84889,-48.673055,209,189,1500.5,61,58.019552,225.363627,131.85,204.7,2551.2,77.85,244,2,0,3,10,2,0
"123","Clarisia racemosa",288,-3.05368,-70.090275,251,126,2256.5,47,25.6278195,38.3853554999999,75.65,79.5999999999999,2219.3,62.2499999999999,288,60,1,0,9,0,0
"124","Clethra scabra",566,-22.678685,-48.72283,180,178,1485,56,14.69833,27.1930025,80,75.5,1371.5,75,566,0,21,39,389,0,0
"125","Clusia lanceolata",60,-22.51545,-42.983375,215.5,165,1423,53,12.0157265,7.97060249999999,79.25,52.4,1709.45,39.5,60,0,4,2,37,0,0
"126","Cnidoscolus oligandrus",36,-15.17914,-40.635695,234.5,156,1085,58,12.4663275,5.99514000000001,39.25,82.5,910.25,71.25,36,0,7,3,25,0,0
"127","Coccoloba alnifolia",114,-16.058335,-39.97749,242,129.5,1156,45.5,16.2554155,11.7865245,50.75,68,996.2,58.75,114,1,14,3,68,0,0
"128","Coccoloba declinata",61,-12.7,-40.1875,241,119,1561,42,30.21512,30.01131,72,81,2665,56,61,6,8,0,28,0,0
"129","Coccoloba glaziovii",33,-22.48222,-48.42621,213,170,1604,43,17.944236,15.361486,95.2,98.6,1465.4,62.8,33,2,1,6,23,0,0
"130","Coccoloba mosenii",27,-15.15,-39.69917,218,119,1199,27,12.180873,8.319305,37.9,69.9,1598.8,48.9,27,0,2,0,24,0,0
"131","Coccoloba striata",85,-10.3929,-41.36278,246,116,1613,53,25.152572,32.177054,64.4,63.6,1737,67.2,85,6,9,2,35,0,0
"132","Coccoloba warmingii",38,-23.51958,-46.83486,197.5,165.5,1444.5,45.5,16.260779,12.454303,77.6,55.9,1442.3,54.95,38,0,8,1,23,0,0
"133","Coffea arabica",845,8.45333,-75.6137,218,160,1645,62,46.385362,244.520932,102.8,127,2457.6,77.8,845,17,15,20,94,2,3
"134","Copaifera langsdorffii",724,-16.691925,-47.517015,224,178,1394.5,73,17.999242,17.972379,78.85,73.7,1020.95,64.85,724,28,110,335,171,0,4
"135","Copaifera lucens",32,-19.272685,-40.18665,240,142.5,1444.5,48,10.415719,5.3007395,65.4,75.45,928.65,51.25,32,0,1,0,23,0,0
"136","Copaifera trapezifolia",68,-22.80669,-45.3149,201.5,177.5,1517.5,53,17.8781705,10.5844315,67.9,65.3,804.55,60.9,68,3,2,7,53,0,0
"137","Cordia sellowiana",258,-18.64637,-47.871805,222.5,167,1499.5,61,22.3925795,28.6759085,93.3,87.3,1434.2,46,258,37,10,65,114,0,4
"138","Cordia taguahyensis",126,-17.27243,-40.26165,238,143.5,1205,47.5,17.9231775,8.25468499999999,58.75,70.25,1288.25,67.75,126,1,18,8,83,0,0
"139","Cordia trichoclada",78,-19.760555,-40.88333,229,150,1266,49,10.883249,6.8562685,65.2,89.15,1231.1,55.75,78,0,1,1,66,0,0
"140","Cordiera concolor",388,-22.17026,-47.880095,200,178,1462.5,62,16.5169055,15.1873685,90,64,1160.95,68,388,3,57,122,172,0,2
"141","Couepia monteclarensis",10,-17.270835,-40.11111,216.5,132,1233.5,34.5,8.710154,5.7388355,82.7,82,824.55,54.4,10,0,0,0,9,0,0
"142","Couepia schottii",19,-19.8203,-40.2733,239,136,1246,40,7.842495,4.008243,38.7,59.2,480.599999999999,42.4,19,0,0,0,11,0,0
"143","Couepia venosa",28,-22.54111,-42.682125,206,166,1469.5,53,5.0363325,6.6149925,79.65,48.4,1423.65,30.3,28,0,0,0,24,0,0
"144","Couratari asterotricha",17,-19.28167,-40.16028,241,146,1203,51,6.449432,7.95199199999999,47,70,456.6,44.6,17,0,0,0,16,0,0
"145","Couratari macrosperma",82,-11.94,-62.98597,248,149.5,1682.5,57,12.5859435,30.70239,33,65.85,1669.9,50.75,82,28,2,2,30,0,0
"146","Coussapoa curranii",8,-21.516455,-41.791235,231,134,1301,38.5,6.6372,4.6056585,73.85,63.85,728.55,39.9,8,0,0,0,5,0,0
"147","Coussapoa microcarpa",208,-24.21837,-47.87902,204.5,171,1569,43,11.8644639999999,9.8659005,74.5499999999998,64,1353.6,55.65,208,0,0,7,159,5,0
"148","Coussarea hydrangeifolia",356,-15.858335,-48.564015,239,171,1499,77,15.12037,16.396875,61.25,53,766.75,39.25,356,19,7,277,21,0,15
"149","Coussarea megistophylla",3,-9.1839,-74.14,262,140,1692,47,28.852497,33.562503,27.9,46.8,1853.1,9.9,3,0,0,0,1,0,0
"150","Coussarea nodosa",50,-20.445275,-41.28778,217.5,150.5,1384,46,12.287334,7.92845599999999,59.3,78.1,890.799999999999,55.1,50,0,0,1,42,0,0
"151","Coussarea triflora",11,-20.76669,-42.01667,232,145,1186,51,7.220145,15.86522,37.5,69,566.5,52.5,11,0,0,0,8,0,0
"152","Crateva tapia",927,10.81,-84.56,258,145,1372,67,41.906921,66.608887,53.7,117,2591.69999999999,86,926,85,63,3,67,0,17
"153","Cryptocarya micrantha",25,-22.53333,-43.04076,210,168,1440,53,4.59056,6.32966799999998,61.4,49.8,874,40.2,25,0,0,1,23,0,0
"154","Cryptocarya moschata",97,-22.35888,-47.0175,198,178,1430,68,10.733952,6.36831800000001,64.4,41.8,789,35.2,97,0,4,33,59,0,0
"155","Cryptocarya riedeliana",11,-19.93611,-42.25,229,144,1390,47,15.040355,4.10888,62,67,953,58,11,0,0,1,8,0,0
"156","Cryptocarya saligna",53,-22.95888,-45.0301,205,169,1526,52,5.331384,7.354996,84.8,47.4,890.6,34.2,53,0,0,0,48,0,0
"157","Cupania concolor",11,-22.606,-45.3099,201,189,1364,59,8.6422,14.074845,66,89,799,28.5,11,0,0,3,7,0,0
"158","Cupania emarginata",129,-19.8203,-40.32939,241,138,1261,44,10.064172,6.08985199999999,53.6,82,929.6,58.2,129,0,3,0,83,0,0
"159","Cupania furfuracea",32,-20.02667,-40.704585,218.5,153,1303,51,16.0787495,14.397544,91.85,59.25,1272.25,35,32,3,1,0,26,0,0
"160","Cupania ludowigii",39,-20.08778,-42.46667,201,170,1364,63,11.639845,7.153205,70.2,53.5,722.4,39.2,39,0,7,2,30,0,0
"161","Cupania oblongifolia",232,-22.540555,-44.698215,219,165,1551,46,16.412443,15.8636595,76,89,1318.15,59,232,3,10,6,169,0,0
"162","Cupania racemosa",172,-17.77875,-39.79123,241,132.5,1318.5,52,14.949218,9.304303,63,83.9,884.05,48,172,5,8,2,136,0,0
"163","Cupania schizoneura",3,-22.53222,-43.01333,169,165,1483,59,0.347255999999998,2.26700099999999,56.7,38.7,566.1,19.8,3,0,0,0,3,0,0
"164","Cupania vernalis",494,-23.3506,-50.100845,200,188,1468.5,52,15.8086965,20.5793325,92.6999999999999,94.35,1075.1,77,494,13,2,121,217,15,5
"165","Cybianthus pastensis",31,-22.62833,-46.62188,205,170,1371,61,8.479435,11.818335,72,40.5,507.5,38,NA,NA,NA,NA,NA,NA,NA
"166","Cybistax antisyphilitica",270,-18.93749,-48.30265,220,173,1387.5,64,20.9505685,32.21925,78.1,74.55,946.449999999999,72,270,4,20,80,88,3,2
"167","Cymbopetalum brasiliense",185,-0.41667,-55.625,256,116,2057,54,22.571626,33.013888,51.8,71.6,2065.6,60.8,185,55,7,0,32,0,0
"168","Dahlstedtia pinnata",148,-25.06923,-48.43743,193.5,178,1630,41,5.296856,8.84308799999999,65.95,61.65,1080.6,60.3,148,1,0,2,132,0,1
"169","Dalbergia foliolosa",91,-19.76667,-43.3503,214,166,1530,60,22.90745,24.90665,107,94,1065,71,91,7,0,11,57,0,0
"170","Dalbergia frutescens",627,-22.97556,-49.87667,201,181,1563,37,25.293843,32.83203,100,113.7,1403.6,67.6999999999999,627,11,21,30,385,8,0
"171","Dalbergia lateriflora",13,-22.95333,-43.47444,210,170,1609,44,5.139306,7.67907599999999,67,49.9999999999999,766.2,28.2,13,0,0,1,11,0,0
"172","Dalbergia nigra",138,-19.36069,-41.434465,229,163,1267.5,61,10.1347,8.843568,65,92.15,988.75,70,138,0,5,19,111,0,0
"173","Daphnopsis martii",15,-22.5,-43.20767,196,170,1459,59,5.35127699999999,5.680226,64.5,59.9,1379.5,40.4,15,0,0,1,11,0,0
"174","Lonchocarpus costatus",43,-19.31083,-41.4844,223,172,1192,68,4.5258,5.29336,38,44.8,445,35,23,0,0,7,16,0,0
"175","Dictyoloma vandellianum",277,-14.8,-44,228,163,1321,57,15.430334,36.082106,80.2,77,1439.2,66.2,277,18,55,17,82,0,0
"176","Dilodendron bipinnatum",155,-16.14556,-50.0804,243,175,1343,76,10.199196,19.476028,49.3,52.3,726.8,46.6,155,4,0,84,10,0,12
"177","Diospyros apeibocarpos",2,-18.41362,-39.720395,241,128.5,1369,34,0.018576000000003,0.0332909999999984,0,0.899999999999977,23.3999999999996,1.8,2,0,0,0,1,0,0
"178","Diospyros hispida",305,-15.86667,-48.16,235,172,1445,76,15.32461,17.739774,69.8,54.8,943.8,44.6,305,15,14,230,20,0,9
"179","Diploon cuspidatum",62,-15.369445,-46.27,238.5,148.5,1735.5,46,22.1144955,31.050473,81.65,89.75,1862.4,51.85,62,3,0,0,38,0,0
"180","Discocarpus pedicellatus",6,-15.4935,-39.558055,234,117,1132,25,6.699455,2.348135,17.75,42.5,1005.75,25.5,6,0,0,0,5,0,0
"181","Duguetia microphylla",2,-22.269585,-42.73597,189,168,1581,59.5,0.485253,1.23474599999999,5.39999999999998,3.60000000000002,255.6,0.900000000000006,2,0,0,0,2,0,0
"182","Duguetia pohliana",3,-22.53222,-42.34611,231,144,1105,47,0.139194,0.127628999999999,0.900000000000006,5.40000000000001,49.5,3.6,3,0,0,0,3,0,0
"183","Duguetia riedeliana",5,-9.65944,-39.01056,234,136,981,60,17.066748,5.068,16.6,51.6,574.4,43.6,5,0,3,0,1,0,0
"184","Duguetia sessilis",8,-22.25,-42.341665,232.5,144.5,1226.5,48,4.241765,3.3022865,32.95,50.75,576.45,31.75,8,0,0,0,6,0,0
"185","Ecclinusa ramiflora",171,-11.38553,-54.9644,246,130,1874,48,27.626245,37.799935,87.5,101,2889,55.5,171,37,1,4,60,0,2
"186","Endlicheria glomerata",29,-19.44,-42.39181,231,172,1264,74,9.72994799999999,8.550122,51.6,54.2,589,40.2,29,1,0,7,21,0,0
"187","Endlicheria paniculata",606,-23.03815,-49.00295,202,177,1517,44,24.709555,34.023065,92.75,91.5,1399.5,64,606,13,0,74,379,4,0
"188","Enterolobium glaziovii",13,-11.75,-63.42,244,133,1804,48,27.700776,27.127102,72.1999999999999,55.8,2294.4,31.8,13,0,0,0,6,0,0
"189","Eriotheca candolleana",51,-18.17294,-46.89861,218,165,1431,75,8.48766,12.91169,61.5,55,761.5,45.5,51,0,0,25,25,0,0
"190","Eriotheca macrophylla",112,-13.83089,-41.104445,243,118.5,1668.5,40,20.4530455,36.499141,67.45,59.45,2143.85,54.8,112,1,9,1,43,0,0
"191","Eriotheca pentaphylla",25,-20.87,-42.5,228,163,1313,48,11.45943,7.309574,66.8,83.1999999999999,1580.4,51.8,25,0,1,1,19,0,0
"192","Erythrina speciosa",71,-22.91444,-47.0608,204,173,1513,45,16.409845,17.47764,80,74,1245,60,71,0,0,14,43,2,0
"193","Erythrina verna",69,-19.08333,-46.67736,223,167,1440,66,14.914962,26.884434,80,47.2,837.8,36.4,69,6,1,25,32,0,1
"194","Erythroxylum citrifolium",785,-3.13389,-59.4833,246,122,2044,53,29.975306,45.115624,75.8,92.8,2486.2,59.8,784,121,15,36,182,0,1
"195","Erythroxylum cuspidifolium",88,-22.54111,-43.037045,217.5,159,1499,41,15.170114,10.727421,72.3,88.3,1394.1,48.3,88,1,2,1,68,0,0
"196","Erythroxylum deciduum",408,-21.03611,-48.529875,206.5,180,1454,66,17.656519,13.1746155,89.3,72.95,731.9,74,408,3,12,184,166,5,7
"197","Erythroxylum passerinum",194,-12.755275,-38.54764,246,118.5,1309,53,15.350769,7.03301,37,79.05,1365.2,50.35,194,0,17,1,119,0,0
"198","Erythroxylum pulchrum",80,-20.32514,-41.26611,228.5,144,1248,50,16.3755745,13.7432894999998,45.55,73.1,1422,64.1,80,0,14,1,43,0,0
"199","Eschweilera ovata",429,-11.50358,-39.03444,246,118,1528,53,17.932694,17.06638,42,58.1999999999999,1293.6,65,429,56,23,11,269,0,0
"200","Esenbeckia grandiflora",579,-20.85528,-47.46667,214,164,1446,43,22.453267,20.684275,82.1,104,1121.6,63,579,15,58,36,353,5,0
"201","Eugenia arenaria",16,-22.494445,-41.956945,228,128,1096,40,9.8831275,3.9401375,33,64.25,780.75,43.5,16,0,1,0,11,0,0
"202","Eugenia astringens",159,-15.89917,-39.46667,242,128,1372,44,18.388498,13.27011,54,79.2,1443,57.2,159,0,14,5,79,0,0
"203","Eugenia batingabranca",10,-22.849015,-43.5025,203,166,1475,56.5,4.39011,5.004302,85.3,47.5,723.05,28.25,10,0,0,0,9,0,0
"204","Eugenia brasiliensis",138,-22.387635,-44.259015,207,168,1533,45,42.4055735,234.7617175,78.15,94.3,1388.3,70.15,138,0,1,11,84,3,0
"205","Eugenia candolleana",189,-11.74444,-39.08333,238,137,1257,54,15.712234,13.258232,62.6,83.2,1126,51.6,189,2,38,16,116,0,0
"206","Eugenia copacabanensis",33,-22.94778,-42.81861,213,153,1301,46,12.111596,9.47704599999999,78.9999999999999,72.4,1131,38.6,33,0,2,0,17,0,0
"207","Eugenia excelsa",123,-18.73333,-41.7,238,137,1429,51,25.970447,24.72011,78.8,80.9,1388.9,47.9,123,6,3,3,76,0,0
"208","Eugenia florida",964,-11.51,-61.373335,246,144,1726,55,30.5842085,36.9129155,82.8499999999999,96,2257.8,68,962,104,22,166,130,2,25
"209","Eugenia macahensis",6,-22.45986,-42.514025,229,161,1457,57.5,8.9501975,17.482785,77.75,24.5,427.25,20.5,6,1,0,0,5,0,0
"210","Eugenia magnifica",10,-22.25,-42.298055,231.5,148,1454,48,8.1530365,4.72852450000001,46.65,85.2,765.85,58.2,10,0,0,0,9,0,0
"211","Eugenia monosperma",29,-23.35264,-44.90389,220,167,1734,42,5.48816799999999,7.54666600000001,70.8,45.4,1530.4,27.6,29,0,0,0,21,0,0
"212","Eugenia neoglomerata",28,-22.95309,-46.966665,215,167.5,1631,46,18.487685,10.4781535,104.95,64.95,1122.15,42.95,28,2,0,1,24,0,0
"213","Eugenia oblongata",67,-22.58,-43.23333,220,162,1536,47,15.780388,11.820589,81.1,62.9,1444.5,40.6,84,0,2,2,69,0,0
"214","Eugenia pinhaesensis",17,-23.3799,-45.52,179,173,1723,54,1.62142,2.86226,70.2,26.6,590.4,25.4,NA,NA,NA,NA,NA,NA,NA
"215","Eugenia pisiformis",111,-19.95,-40.68139,230,149,1224,48,9.017495,5.8658,56.5,68.5,1417.5,41,111,0,2,2,89,0,0
"216","Eugenia prasina",97,-22.97556,-45.08351,211,168,1529,49,13.400928,9.92697199999999,85.2,56.2,1361.6,54.8,97,0,2,8,74,0,1
"217","Eugenia punicifolia",1419,-13.00139,-46.00722,234,151,1412,65,29.453643,31.530084,81,96,1729.2,61,1419,129,256,398,232,1,15
"218","Eugenia rostrata",36,-16.46207,-40.309445,233.5,125.5,1333.5,37.5,18.1338825,50.2736425,43.75,73.25,1347.5,45.25,36,0,4,1,22,0,0
"219","Eugenia speciosa",80,-23.36903,-48.3801,201,178,1436,41.5,14.4474615,17.530702,84.15,86.05,1294.4,59.25,80,0,0,7,49,4,0
"220","Eugenia splendens",56,-13.01264,-41.76736,204,161.5,939,62,10.531735,17.8541,72.5,60.75,935.75,42.5,56,2,40,9,3,0,0
"221","Eugenia stigmatosa",51,-26.29806,-48.59861,202,173,1572,36,7.12903,7.22625000000001,49.5,54.5,1182.5,42,51,0,1,1,33,0,0
"222","Eugenia subundulata",9,-22.25,-41.78677,203,159,1313,53,2.591448,3.41543399999999,84.8,35.8,678.8,25,9,0,0,0,8,0,0
"223","Eugenia sulcata",68,-21.189585,-43.020695,230,151,1317,43.5,19.6566895,9.220057,75.9,66.5,1236.7,46.55,68,1,0,5,46,0,0
"224","Eugenia supraaxillaris",25,-23.37376,-46.3615,193,170,1602,51,14.316502,8.13294,68,46.4,1517.4,33.4,25,0,1,1,21,0,0
"225","Eugenia umbelliflora",83,-20.24806,-40.55444,233,146,1451,43,20.351906,13.846627,58.6999999999999,75.8,1356.2,45.8,83,0,4,1,43,0,0
"226","Psidium guyanense",50,-9.654585,-36.43633,233.5,124,1380.5,62,14.7626475,8.0973285,65.55,77.65,841.55,21.1,NA,NA,NA,NA,NA,NA,NA
"227","Eugenia villae-novae",9,-22.5,-42.25,230,149,1250,47,1.932716,2.806338,14.2,17.6,539.6,11.4,9,0,0,0,7,0,0
"228","Eugenia xanthoxyloides",10,-22.593995,-42.932635,228.5,157.5,1367.5,46,0.519352999999999,1.2336155,21.75,28.65,490.55,20.75,10,0,0,0,8,0,0
"229","Euterpe edulis",160,-20.231785,-43.704945,215,159.5,1480.5,41.5,19.1300445,17.861302,69.1,121.15,1042,63.2,160,1,4,16,119,1,0
"230","Exostyles venusta",44,-19.32722,-40.05,240.5,133.5,1193.5,44,10.2858355,3.1859975,25.1,55.4,955.75,42.85,44,0,1,0,33,0,0
"231","Faramea coerulea",31,-14.48333,-39.09611,235,110,1604,19,17.529905,28.07615,73.5,76.5,1104,54,31,0,1,0,26,0,0
"232","Faramea multiflora",967,-3.9548,-71.36417,245,126,2422,44,32.948391,43.888063,81,82,2898.3,60,967,126,3,32,138,0,0
"233","Faramea pachyantha",24,-22.43333,-42.671385,211,167,1504,53,9.5734605,6.04713700000001,77.8,77.6,1267.1,43.25,24,0,0,0,19,0,0
"234","Ficus cestrifolia",86,-28.06389,-49.372775,191,181,1483,23,11.8621575,10.374915,61.5,73.75,694.5,50,86,0,2,2,47,20,0
"235","Ficus americana",74,-18.733195,-40.9739,240,141.5,1261,44.5,23.151916,18.0805055,47.75,81.4,1509.35,47.05,NA,NA,NA,NA,NA,NA,NA
"236","Ficus eximia",187,-20.42,-57.12916,227,183,1471,47,35.267807,31.611748,78,107.4,1725.8,60.4,187,12,2,14,41,1,1
"237","Ficus gomelleira",250,-13.00639,-47.91375,244,153,1567,57,28.1439895,34.768088,81,89.1,2400.95,69.55,250,33,36,30,66,0,5
"238","Ficus maxima",1120,8.487645,-78.185115,253,139,1981.5,55,35.91623,44.172037,83.05,120,3485.2,89,1120,85,0,4,1,0,3
"239","Ficus pulchella",47,-14.7,-44.24243,235,140,1695,44,23.697002,38.83666,56.8,88.1,2697.2,63,47,4,2,2,21,0,0
"240","Gallesia integrifolia",204,-17.667355,-53.00542,231,167.5,1301.5,54,17.0547155,33.4443665,71.4,84.7,1489.55,59.85,204,8,6,12,83,0,3
"241","Garcinia brasiliensis",177,-14.71708,-49.4204,245,146,1509,52,25.05837,35.937068,63.2,111.4,1918.2,61.2,177,11,7,14,52,0,17
"242","Geissospermum laeve",10,-19.404805,-40.574725,226.5,155.5,1279,51.5,4.0065985,1.87377600000001,38.85,49.75,484.1,39.8,10,0,0,0,8,0,0
"243","Genipa americana",1255,4.0333,-72.44861,253,136,1767,61,38.772681,55.919412,64,100,2680.5,80.3,1253,110,34,80,82,0,25
"244","Genipa infundibuliformis",10,-19.53639,-41.296805,227,162,1299.5,58,7.30928599999999,7.5944285,42.85,49.35,1126.95,35.4,10,0,0,0,8,0,0
"245","Geonoma pohliana",302,-18.158335,-43.00434,217.5,160,1463,54,15.582483,20.334997,73.95,87,1362.35,68,301,7,30,57,163,0,0
"246","Gordonia fruticosa",554,-12.9077,-66.45,187,148,1585,48,36.7607025,41.435947,152,98,2290.1,65,554,17,27,48,159,2,0
"247","Grazielodendron rio-docensis",10,-20.749585,-40.788195,236,141.5,1204,45.5,3.8209165,2.773599,15.3,37.35,468.25,19.2,10,0,0,0,7,0,0
"248","Guapira areolata",56,-15.985415,-47.86764,227.5,169,1425.5,60.5,11.65271,18.6565625,66.75,79,989.5,61.75,56,1,5,28,14,0,3
"249","Guapira hoehnei",4,-22.541665,-44.902915,220,164.5,1325,53.5,1.4261005,6.2983755,45.45,42.1,421.95,16.3,4,0,0,1,3,0,0
"250","Guapira opposita",810,-20.693035,-44.335555,215.5,162,1429,46,20.901792,20.35734,83.55,93,1472.8,68.55,810,16,56,71,511,17,8
"251","Guarea guidonia",1213,-4.69688,-63.54712,245,132,1717,52,40.609328,40.89979,76.4,94.4,2296.2,62.4,1213,100,27,157,201,0,12
"252","Guarea kunthiana",1188,-3.285915,-73.341665,239,127.5,2242.5,42,33.385079,38.6013809999999,116,102,2741.05,65,1188,110,2,76,114,0,0
"253","Guarea macrophylla",1278,-16.611945,-56.03879,228,160,1680,41,28.3624115,36.919737,86,105.45,2175.95,63,1278,85,12,94,410,12,8
"254","Guatteria australis",527,-23.35833,-46.76278,198,174,1519,43,13.258037,10.750422,79,88.7,1288.3,59.7,527,2,5,48,428,0,0
"255","Guatteria candolleana",21,-16.25,-39.17167,239,114,1509,27,8.11423,4.02507,57,78,1012,55,21,0,1,0,15,0,0
"256","Guatteria ferruginea",92,-16.38653,-42.23111,231,142,1458.5,48.5,27.4619195,34.440576,91.8,88.9,1791.4,64.7,92,2,0,1,67,0,0
"257","Guatteria campestris",2,-22.51611,-42.298055,231.5,146.5,1128.5,48,0.0289979999999979,0.0864990000000105,0.899999999999977,4.5,49.5,1.8,NA,NA,NA,NA,NA,NA,NA
"258","Guazuma crinita",69,-10.06666,-71.36666,254,142,1985,46,18.181376,36.146716,61,58.2,1979.2,42.2,69,9,0,0,12,0,0
"259","Guettarda sericea",81,-10.00389,-38.43389,237,138,768,58,8.88976,6.00492,45,57,837,67,81,0,64,1,14,0,0
"260","Guettarda viburnoides",591,-15.78342,-47.51669,237,164,1410,69,16.57598,25.55292,69,92.5,947,59,591,10,52,289,142,1,11
"261","Handroanthus chrysotrichus",194,-19.88286,-44.93458,212,166,1348.5,54,31.350984,33.224423,81.35,105.1,1097.8,66.35,194,0,14,24,114,3,5
"262","Handroanthus heptaphyllus",205,-23.11667,-54.21,219,190,1358,41,20.393328,20.077326,77.8,107.8,1011.8,61.8,205,0,11,20,66,4,14
"263","Handroanthus ochraceus",580,-12.33347,-56.75625,238,154,1427.5,73,36.380078,45.8990255,86,100.1,1895.2,62.05,580,16,39,161,63,0,8
"264","Handroanthus serratifolius",393,-10.4,-55.49653,250,147,1666,62,28.155554,35.497052,71.4,91.4,1960.4,63,393,62,26,75,47,1,1
"265","Handroanthus umbellatus",64,-22.77097,-46.768155,207,166.5,1406,48.5,20.7016125,13.177289,66.85,93.55,1177.95,60.7,63,0,4,8,44,1,1
"266","Hedyosmum brasiliense",315,-22,-47.83708,203,169,1546,60,14.555359,13.62532,77.6,56.6,1384.3,57.3,315,10,12,105,164,0,0
"267","Heisteria ovata",172,-10.581635,-50.067525,249.5,153,1687.5,72.5,24.1216705,32.265636,62.45,92.45,1901.45,67.45,172,46,8,69,11,0,0
"268","Heisteria perianthomega",92,-15.130775,-40.500985,233,136.5,1135.5,48,16.7522765,5.952173,51.45,71.5,1119.55,75.9,92,0,27,3,42,0,0
"269","Heisteria silvianii",117,-24.54,-47.99254,201,174,1600,43,11.712024,9.05961599999999,67.1999999999999,55.4,955.6,54.4,117,1,1,6,92,1,0
"270","Helicostylis tomentosa",546,-4.175,-65.53,251,119,2322,45,25.890595,38.39291,73,88.75,2147.75,56.75,546,139,2,4,78,0,0
"271","Henriettea saldanhaei",19,-20.78778,-40.66778,237,143,1128,47,5.26424999999998,3.69637999999999,19.3,41.4,486.099999999999,25.4,19,0,0,0,16,0,0
"272","Heteropterys leschenaultiana",55,-20.05917,-40.51528,231,149,1295,43,14.716498,15.39367,57.3,113,681.2,54.8,55,0,1,2,45,1,0
"273","Heteropterys nitida",85,-22.3,-43.025,213,162,1421,49,9.925722,8.934008,72.6,65.2,1027.6,56,85,0,1,7,71,0,0
"274","Hieronyma alchorneoides",669,-0.5,-73.25,250,122,2502,45,37.408528,40.87161,92.2,88,2869.6,61,669,45,2,33,77,1,1
"275","Himatanthus bracteatus",279,-10.65806,-39.8,245,119,1511,49,25.879507,39.927351,61.1,74.2999999999999,2406.3,58.1,279,19,31,7,139,0,0
"276","Himatanthus lancifolius",33,-15.16778,-41.96369,239,144,1492,47,21.666334,38.842172,47.2,71.6,2527.8,61,33,2,2,0,17,0,0
"277","Hirtella angustifolia",21,-22.5,-42.34611,229,146,1409,45,10.29833,8.84337,50,95,1533,55,21,0,0,2,16,0,0
"278","Hirtella gracilipes",390,-15.5436,-48.294165,238,176.5,1501,78,12.987084,18.509058,59.55,63,1239.55,35.1,390,47,8,274,25,0,4
"279","Hirtella hebeclada",163,-23.39367,-47.55,196,175,1518,45,12.870504,9.68542,74,58.5,942.5,65,163,2,1,17,130,1,0
"280","Hirtella triandra",588,8.540835,-75.920135,249,130.5,2177.5,55,36.122728,52.7066375,70,89,2847.2,56,588,48,1,1,30,0,0
"281","Hortia brasiliana",19,-13.70417,-41.3,212,158,1179,49,7.731172,6.227794,53.3999999999999,90.5,1404.9,70.5,NA,NA,NA,NA,NA,NA,NA
"282","Hydrogaster trinervis",28,-16.47672,-39.43236,241,121,1368,31.5,6.5243385,1.5185035,15.25,52.2,874.2,41.25,28,0,0,0,23,0,0
"283","Hyeronima alchorneoides",143,-14.18,-53.1735,239,147,1699,48,37.510388,44.598081,87.7,87.8,3315.4,61.8,143,4,3,17,51,0,1
"284","Hieronyma oblonga",85,8.94,-83.08,217,118,2739,52,26.81933,45.900166,115.8,48.4,2840.6,59.2,NA,NA,NA,NA,NA,NA,NA
"285","Hymenaea aurea",29,-16.26667,-40.07185,242,141,1294,51,16.189058,9.70097999999999,56.9999999999999,60,1374.2,75.6,29,2,3,2,20,0,0
"286","Hymenaea courbaril",1083,-6.65,-56.73,247,149,1514,70,40.279862,57.234213,75.8,95.8999999999999,2110,68.8999999999999,1083,120,160,178,110,0,13
"287","Hymenolobium janeirense",42,-19.31918,-41.931805,219,157,1271.5,53.5,16.3920995,12.0222665,41.9,75.9,1081.4,64.75,42,0,8,4,29,0,0
"288","Hyptidendron asperrimum",42,-20.26692,-43.40348,192.5,180,1451,77,5.439645,3.27712,48.9,36.8,703.9,34.9,42,0,0,5,37,0,0
"289","Ilex congonhinha",1,-20.13472,-43.45139,180,176,1526,81,0,0,0,0,0,0,1,0,0,0,1,0,0
"290","Ilex dumosa",277,-25.30968,-49.11194,197,182,1550,32,16.934568,15.628164,77.4,87,1163.4,71,277,1,25,12,160,10,0
"291","Inga capitata",662,-9.775,-56.01207,249,124,1918,50,24.770445,40.4297705,65,79,2224.5,62,662,153,17,10,195,0,0
"292","Inga edulis",902,-3.20611,-67.94028,246,125,2066.5,47,37.6757565,46.294445,89,93,2735.4,68,902,103,8,23,148,1,3
"293","Inga flagelliformis",72,-13.738055,-40.637935,242,128.5,1533.5,54,24.1487845,33.745757,64.25,79.8,1419.65,64.8,72,15,1,1,44,0,0
"294","Inga hispida",34,-19.80876,-40.549585,233,147,1236,51,8.0614545,5.98137999999999,80.15,60.7,748.849999999999,39.15,34,0,0,0,29,0,0
"295","Inga lanceifolia",18,-22.73486,-44.827385,177.5,171.5,1702,58,6.26222649999998,10.866452,89.65,42.1,689.15,27.65,18,1,0,0,16,0,0
"296","Inga laurina",788,-10.262085,-55.17741,243,141.5,1537,57,41.885101,63.2298245,74.65,103.65,2280.7,86.65,788,59,46,97,178,0,16
"297","Inga lenticellata",19,-22.43333,-42.99722,200,168,1488,56,12.155419,6.83248500000001,72.1999999999999,37.5,1361.4,25.5,19,1,2,0,14,0,0
"298","Inga leptantha",42,-19.79433,-40.53599,231.5,146.5,1216,51,9.54611199999999,3.5480275,44.8,76.2,500.2,53.8,42,1,0,0,41,0,0
"299","Inga marginata",156,-3.999995,-70.25,205,142,2031,33,38.9895175,38.072925,97.5,110.75,3007.75,65.25,1177,82,11,67,353,4,1
"300","Inga semialata",1021,-15.91666,-56.83333,222,163,1719,45,35.72628,37.7678,95,127,2547,69,NA,NA,NA,NA,NA,NA,NA
"301","Inga mendoncaei",9,-22.43611,-43.47611,189,168,1644,61,5.068022,4.366194,80,60.4,606.2,40,9,0,0,0,8,0,0
"302","Inga striata",329,-17.87361,-49.68333,206,164,1481,52,29.242118,39.01367,104.2,90.6,1830.6,59.6,329,9,10,15,160,0,2
"303","Inga tenuis",52,-15.178465,-39.53055,238,122.5,1561.5,48.5,11.1062275,7.3745365,115.1,87.7,1052.9,57.45,163,15,1,2,44,0,0
"304","Inga tenuistipula",111,-3.7,-73.5,253,115,2716,29,16.99124,15.379265,57,53,2113.5,41,NA,NA,NA,NA,NA,NA,NA
"305","Inga thibaudiana",921,-1.02899,-67.58,251,117,2373,49,30.24943,47.89076,57,93,3065,60,920,146,11,20,131,0,0
"306","Ixora gardneriana",49,-22.47,-45.76694,203,169,1395,67,19.939224,7.79893799999999,66.2,46.4,732,60.2,49,1,8,8,30,0,0
"307","Jacaranda macrantha",60,-20.36026,-43.33414,208.5,175.5,1383,64.5,13.110705,13.169987,88.2,101.15,761.15,67.1,60,0,2,6,45,1,0
"308","Jacaranda puberula",317,-24,-48.08333,200,177,1530,42,14.05217,13.789324,82,82.4,1064.4,62.2,317,0,10,41,227,2,0
"309","Jacaratia heptaphylla",48,-16.422915,-39.703605,232.5,119.5,1407,30,10.1462625,7.6275025,66.6,87.9,1275.75,57.9,48,0,1,2,38,0,0
"310","Jacaratia spinosa",292,-13.339995,-56.50833,232.5,157.5,1758.5,47.5,36.728,44.171042,85.9,121,2824.95,61.45,292,25,7,18,80,1,0
"311","Joannesia princeps",89,-19.32361,-40.79333,234,148,1250,52,11.20528,9.56534,52.8,74.8,663.2,66.8,89,0,1,9,67,0,0
"312","Kielmeyera excelsa",11,-22.86372,-43.2075,212,154,1360,47,2.241555,4.79223999999999,47.5,66.5,681,46.5,11,0,0,1,6,0,0
"313","Kielmeyera insignis",3,-22.43333,-42.25,231,170,1101,59,0.936251999999996,1.17024299999999,10.8,24.3,374.4,11.7,3,0,0,0,3,0,0
"314","Lacistema pubescens",146,-16.256015,-44.51972,234.5,143.5,1729,62,22.2314525,12.7536525,81.75,94,1541,51.5,146,61,1,6,70,0,0
"315","Lacunaria crenata",108,4.125555,-74.083,257,114,2675.5,44,24.436073,40.7770854999999,58.55,40.95,2875.05,54.95,108,21,0,0,6,0,0
"316","Lafoensia vandelliana",195,-16.7261,-51.87,225,179,1431,64,23.134296,29.200933,80.2,86.3,1362.8,64.6,195,13,14,59,26,1,3
"317","Lamanonia ternata",326,-22.508195,-47.58949,188,178,1514,57,15.94829,10.685295,72.5,69.5,1025.75,73,326,0,19,82,211,3,1
"318","Lecythis lanceolata",42,-19.40379,-42.41139,231,147.5,1349.5,49.5,27.4722335,15.74717,70.65,80.9,864.299999999999,74.8,42,0,1,4,31,0,0
"319","Lecythis lurida",171,-10.07889,-41.2,246,118,1466,61,20.60663,18.64954,49,75.5,1560.5,66,171,50,8,10,83,0,0
"320","Lecythis pisonis",222,-7.226945,-43.81667,254.5,114,1734,55,20.2155685,38.5088195,67.9,85.8,1784.65,66.95,222,67,3,17,88,0,0
"321","Libidibia ferrea",498,-8.389505,-39.10097,244,143,762.5,85,17.2747005,12.7349415,58.15,69.5999999999999,1387.45,71.15,498,23,359,25,70,1,3
"322","Licania heteromorpha",610,-0.878165,-63.693335,265,114,2475,43.5,16.7825,24.015225,49.55,45.55,1668,59,610,285,0,1,3,0,0
"323","Licania hoehnei",53,-22,-44.71337,209,172,1523,59,11.053338,18.732154,77.2,89.6,1086,71.4,53,1,1,8,37,0,0
"324","Licania kunthiana",229,-13.03333,-51.5,245,151,1719,62,31.141148,34.84334,75,93,2280.6,62,229,56,14,39,53,0,0
"325","Licania octandra",293,-4.887,-59.9,260,121,2124,55,27.102862,37.256008,62.4,76.2,1960,63.8,293,130,11,17,33,0,8
"326","Licaria armeniaca",163,-4.66667,-62.22,258,124,2193,44,30.420853,31.647566,100.7,83.9,1656.2,54,163,52,0,1,37,0,0
"327","Licaria bahiana",69,-15.32889,-39.4146,239,114,1396,26,13.263248,4.605612,47.4,66.4,1097.2,49.8,69,1,0,1,59,0,0
"328","Licaria guianensis",95,-1.75,-61.55692,259,116,2307,43,26.292715,36.699672,64.5,73.6,1955.9,50.3,95,26,1,3,10,0,0
"329","Lonchocarpus cultratus",166,-22.541665,-46.6098,208,180.5,1402,49,15.576285,14.1724575,75.5,82,1125.5,65,166,1,9,23,118,0,2
"330","Luehea conwentzii",7,-22.5309,-42.88333,213,171,1595,46,5.921972,7.73812,29.5,32,875.5,18.8,7,0,0,0,6,0,0
"331","Luehea divaricata",506,-24.384065,-51.614165,208,193,1466,33,18.00027,16.8181075,81.5,98,717.5,73,506,1,7,92,228,17,5
"332","Luehea grandiflora",348,-19.4054,-47.637385,227,176,1377,67,11.6344135,20.8524875,73.9499999999999,53,898.549999999999,49.65,347,7,28,136,120,0,9
"333","Mabea angustifolia",3,-20.26333,-43.37611,231,178,1340,71,1.915974,8.597475,36,13.5,340.2,19.8,NA,NA,NA,NA,NA,NA,NA
"334","Mabea fistulifera",328,-14.75028,-51.128895,240,182,1481,69,14.8194155,25.4560315,71,64.3,1107,37,331,68,4,103,110,0,2
"335","Machaerium aculeatum",8,-14.96361,-41.178885,242.5,120.5,1490,59,23.233803,37.637742,44.8,72.85,1208.65,59.7,139,4,8,34,59,0,6
"336","Machaerium isadelphum",894,-14.56444,-48.947635,237,154,1411,58,39.538381,52.565693,81.35,101,1947.55,70,762,20,58,125,217,0,26
"337","Machaerium acutifolium",461,-15.1125,-48.19333,232,169,1366,71,18.21439,24.19694,69,71,1117,59,461,15,99,225,44,1,5
"338","Machaerium brasiliense",186,-19.47318,-44.29236,213.5,172,1319.5,63,14.8616675,16.9655125,87.5,79,1065,62,186,8,25,48,100,0,1
"339","Machaerium cantarellianum",37,-22.43333,-42.59139,207,163,1424,53,4.912276,7.336566,72.8,41.4,689.2,26.8,37,0,0,0,37,0,0
"340","Machaerium firmum",4,-22.913475,-43.027395,230,144.5,1257,37,0.383167,0.201436500000007,22.7,28.25,421.95,21,4,0,0,0,2,0,0
"341","Machaerium incorruptibile",14,-22.59068,-41.948615,231,144.5,1062,43,7.897109,3.01641100000001,15.5,48.85,465.9,40,14,0,1,0,11,0,0
"342","Machaerium lanceolatum",55,-21.04333,-43.12222,232,145,1272,47,31.913261,37.517416,90.2,105.9,1326.2,51.3,55,0,0,8,22,0,1
"343","Machaerium legale",9,-22.55028,-43.99667,189,173,1499,59,6.61161,8.419726,46.8,34.8,500.4,51.6,9,0,0,0,9,0,0
"344","Machaerium leucopterum",20,-15.133055,-42.087775,228,161.5,916,60,10.521693,4.87343299999999,43.35,74.75,775.150000000001,64.65,20,0,6,4,7,0,0
"345","Machaerium nyctitans",188,-22.50581,-46.13675,199,177,1441.5,59.5,12.365723,27.926001,69.6,84.6,1029.9,62.65,188,1,4,20,135,0,0
"346","Machaerium oblongifolium",59,-22.24965,-42.86583,219,159,1269,54,11.516326,8.138025,63.3999999999999,74.2,982.4,68.5,59,0,5,2,47,0,0
"347","Machaerium obovatum",4,-22.86203,-42.004575,229.5,116,876.5,32,0.0489640000000051,0.238132499999999,1.85000000000002,8.24999999999999,68.9999999999999,3.7,4,0,0,0,1,0,0
"348","Machaerium paraguariense",104,-25.102155,-53.283635,215.5,194,1467,31,13.794057,11.285846,84.7,75.25,728.35,66,104,1,1,14,44,0,3
"349","Machaerium pedicellatum",25,-18.90703,-40.73472,233,150,1191,52,10.298456,22.22546,41.6,79,749.6,44.6,25,0,3,0,15,0,0
"350","Machaerium stipitatum",184,-23.417385,-49.608365,202,190,1423.5,37.5,14.496278,14.691878,70,78.7,1004.9,72.85,184,0,4,27,125,5,1
"351","Maclura tinctoria",1178,5.566415,-74.804435,244.5,162,1359,63,47.065017,58.2424605,85,130.15,2153.35,82,1177,35,33,75,140,1,9
"352","Macrothumia kuhlmannii",29,-15.16666,-39.72361,238,120,1215,33,8.141556,2.96719,32.8,91.2,1192.6,67.4,29,0,3,0,24,0,0
"353","Macrotorus utriculatus",38,-19.926665,-40.715275,229,155.5,1228.5,51.5,5.190923,4.98640850000001,81.25,46.6,1090.95,24.9,38,1,0,0,33,0,0
"354","Magnolia dodecapetala",4,-15.78625,-47.887935,211,156,1550,76,0.400744000000001,0.36114950000001,7.39999999999998,7.95000000000002,421,2.55000000000001,NA,NA,NA,NA,NA,NA,NA
"355","Magnolia ovata",121,-22.3,-47.97222,197,177,1490,64,13.41861,9.63534,63,45,690,67,125,3,0,57,63,0,0
"356","Manilkara salzmannii",186,-11.247065,-38.31639,246.5,117,1430.5,56,16.3122225,9.98297,54.5,68.25,1387,69.75,186,5,18,7,101,0,0
"357","Manilkara subsericea",97,-22.24611,-41.65694,231,145,1244,42,7.207412,8.94525,72,58.6,1099.8,29,97,0,0,2,59,0,0
"358","Margaritaria nobilis",1151,6.925,-76.22221,253,138,1827,57,38.976305,56.394995,69.5,99.5,2580.5,84.5,1151,96,8,40,76,0,1
"359","Myrcia excoriata",113,-19.09111,-40.55083,231,153,1429,55,14.498086,11.904834,88.2,91.4,946.199999999999,66.2,NA,NA,NA,NA,NA,NA,NA
"360","Myrcia neoobscura",80,-22.52861,-44.365555,211,169.5,1585,46.5,13.562873,9.8063085,66.1,76.1,1357.85,61.35,NA,NA,NA,NA,NA,NA,NA
"361","Marlierea silvatica",48,-25.707385,-48.75157,189.5,180,1565,30,8.8479575,9.2863475,72.55,51.85,900.3,45,48,0,0,0,45,1,0
"362","Myrcia sucrei",21,-15.30861,-39.12025,242,112,1576,19,5.38561,1.67297,27,58,897,49,NA,NA,NA,NA,NA,NA,NA
"363","Myrcia ferruginosa",72,-24.01142,-46.658605,191.5,174.5,1576,42.5,8.960639,9.4726695,75,55.35,1245.65,47.9,NA,NA,NA,NA,NA,NA,NA
"364","Myrcia neotomentosa",104,-23.637635,-47.091665,212.5,169,1686.5,44,12.2029295,9.799117,75.85,78.7,1365.55,40.7,NA,NA,NA,NA,NA,NA,NA
"365","Martiodendron mediterraneum",75,-6.98722,-44.05,264,156,1224,78,17.355467,26.995408,39,31.7,1019,57.6,75,9,24,34,8,0,0
"366","Matayba grandis",11,-14.77028,-43.0084,239,111,1529,44,25.70833,23.06319,78.5,63.5,1269,32.5,11,2,0,0,6,0,0
"367","Matayba guianensis",739,-14.7167,-49.775,241,160,1550,69,28.304067,29.387031,73,92.1,1843,56.1,739,129,34,295,101,1,3
"368","Matayba juglandifolia",53,-22.5013,-45.3235,190,173,1549,59,13.535558,12.58071,67.8,62.4,1228.8,51.8,53,1,0,3,45,0,0
"369","Matayba sylvatica",42,7.876975,-76.90379,259,119.5,2177.5,57,32.1360105,41.227628,70.65,80.95,2081.6,39.8,42,0,0,2,9,0,0
"370","Maytenus ardisiaefolia",13,-22.49483,-43.00264,222,171,1624,54,8.506776,8.970152,93.4,76,760.8,53.6,13,0,0,0,12,0,0
"371","Maytenus brasiliensis",57,-19.95167,-40.54939,228,153,1272,49,9.108122,9.174,69.2,78.4,608.4,49.4,57,0,0,0,53,0,0
"372","Maytenus cestrifolia",28,-22.304,-43.21,204,160,1426,51,18.4314635,23.155104,118.45,92.6,1242.65,48.15,28,0,0,0,24,0,0
"373","Maytenus communis",23,-22.5309,-43.16667,208,163,1439,51,4.051601,7.38484699999999,64.9,63.2,723.6,37.8,23,0,0,0,19,0,0
"374","Maytenus evonymoides",155,-23.47167,-48.58472,181,180,1448,50,9.32941499999998,15.37214,83.2,48.3,752.6,63,155,1,3,28,111,1,0
"375","Maytenus gonoclada",277,-23.2327,-46.80972,193,175,1487,52,13.959974,8.80305199999999,63.4,49.8,1193,64.2,277,0,29,41,187,0,0
"376","Maytenus longifolia",22,-19.916185,-40.57039,213,155.5,1270.5,52,3.1756285,1.90394,48.55,25.6,218.35,17.55,22,0,0,0,22,0,0
"377","Maytenus obtusifolia",173,-12.04806,-39.72931,242,129,1263,48,19.698944,11.786666,50.4,68.8,1520.6,66.2,173,6,27,1,87,0,0
"378","Maytenus pittieriana",10,-13.74736,-48.51222,251.5,154.5,1452.5,78,21.7375315,18.979469,52.3,53.2,807.599999999999,37.35,10,0,0,6,0,0,0
"379","Maytenus robusta",100,-23.40739,-47.613475,208.5,173,1527.5,46.5,14.771264,8.638183,68.05,50.1499999999999,1391.8,60,100,1,6,22,61,0,0
"380","Maytenus samydaeformis",4,-22.5375,-42.775,226.5,153.5,1494.5,50.5,0.0320804999999993,0.973337999999998,37.9,24.65,858.95,7.55,4,0,0,0,4,0,0
"381","Maytenus schumanniana",89,-23.3769,-45.0711,212,170,1496,48,6.478952,8.67638599999999,74.8,45.2,1232.4,39,89,0,1,2,80,0,0
"382","Melanopsidium nigrum",62,-19.99903,-40.340415,240,136,1199,42,8.864323,4.31062850000001,34.9,69.6,921.25,48.8,62,0,0,3,40,0,0
"383","Melanoxylon brauna",104,-18.15697,-41.124455,221,154,1255.5,57,11.594331,6.8967565,54.25,85.55,1194.65,70,104,0,17,9,71,0,0
"384","Meriania glabra",22,-22.59889,-43.27444,211,164.5,1597,55.5,7.273981,2.6308165,63.65,39.8,716.95,40.65,22,0,1,1,16,0,0
"385","Metrodorea nigra",120,-22.69161,-47.81195,211,184,1336,57,12.230096,13.3010165,59.1,79.05,869.65,52.05,120,5,2,30,78,0,0
"386","Metternichia princeps",68,-13.76514,-41.23375,229,150.5,864,54.5,11.019122,2.9797165,42.3,61.6,661.25,56.3,68,0,39,1,23,0,0
"387","Mezilaurus navalium",5,-22.50885,-43.42167,186,167,1723,59,2.90941399999999,9.58742400000001,53.6,16.6,362,5,5,0,0,1,4,0,0
"388","Miconia albicans",1647,-12.61667,-49.3925,234,155,1514,63,39.600643,52.282284,78,92,1992.1,55,1646,76,110,506,328,0,20
"389","Miconia brasiliensis",21,-22.90696,-43.29167,181,167,1663,55,7.18083,8.45777,89,52,690,37,21,0,0,0,16,0,0
"390","Miconia calvescens",502,-13.849995,-67.52264,233.5,147,1788.5,53,36.8632885,47.874785,93.95,105.9,2674.4,73,502,21,6,39,96,0,0
"391","Miconia chartacea",146,-19.17408,-43.60722,201,166.5,1525,60,14.720935,9.8195225,75.25,74.5,1158.75,63.75,146,3,28,32,77,0,0
"392","Miconia cinnamomifolia",221,-22.36,-43.8175,210,166,1421,47,15.25333,9.76499999999999,73,83,1184,57,221,3,3,7,174,0,0
"393","Miconia cubatanensis",173,-23.33806,-47.8,196,171,1559,51,14.609584,8.335984,60,41.8,1338.6,65,173,0,14,50,103,0,0
"394","Miconia holosericea",471,-2.88,-58.68333,252,125,2000,55,34.325615,51.435415,57.5,95,2184,59.5,471,127,20,37,73,0,0
"395","Miconia hypoleuca",164,-12.28042,-39.75444,242,111.5,1617,42,28.2659025,32.8034035,56.7,51.7,1752.8,59.8,164,8,6,1,98,0,0
"396","Miconia latecrenata",256,-22.855695,-44.98822,196,172,1444.5,51,10.1073175,9.39562749999999,69.5,55,923,63.25,256,0,2,14,232,0,0
"397","Miconia lepidota",214,-1.27431,-58.9825,259,119,2215,50.5,28.8585905,34.8061535,78.35,89.35,2016.65,58.35,214,52,3,7,49,0,0
"398","Miconia prasina",1502,3.93806,-65.76154,246,121,2009,49,40.2288335,51.4092315,75,79,2439,58,1501,131,35,29,290,0,5
"399","Miconia affinis",9,-26.52,-53.93,202,226,1754,12,6.970386,9.28421999999999,29.2,52,341.2,68.6,NA,NA,NA,NA,NA,NA,NA
"400","Miconia pusilliflora",391,-23.46667,-47.633,200,178,1545,43,13.287575,14.584275,89.5,92,1114.5,57,400,3,5,21,312,5,0
"401","Miconia sellowiana",253,-23.75556,-48.60444,181,182,1526,44,12.913524,9.034194,59.8,49.8,551.8,66.8,253,0,0,51,192,6,0
"402","Miconia serrulata",578,5.07895,-73.19764,255,117,2578,44,31.563168,33.230155,72.15,74.15,2816.75,56.15,578,49,1,4,18,0,0
"403","Miconia staminea",42,-22.9042,-51.714725,230.5,191.5,1470.5,42,18.5488615,15.8817605,79.4,95.6,1342.9,53.85,42,5,0,2,17,0,0
"404","Micropholis compta",18,-15.073055,-39.472635,235.5,114.5,1634.5,42,15.4969435,10.0869035,53.95,85.7,1000.25,51.45,18,0,0,1,13,0,0
"405","Micropholis crassipedicellata",59,-20.34695,-41.7,212,159,1456,49,10.154686,7.948795,84.4,80.3,892.599999999999,50.5,59,0,0,1,54,0,0
"406","Micropholis gardneriana",128,-13.263345,-43.77022,240,154.5,1497,68,21.1416635,29.559723,73.3,92.2,1216.4,73.95,128,16,19,37,36,0,0
"407","Micropholis guyanensis",584,-1.267495,-66.03945,257,115,2461.5,43,25.92458,36.6834415,63.85,83.85,2080.25,58,584,165,3,11,31,0,0
"408","Mimosa bimucronata",229,-22.9056,-48,208,180,1448,45,25.262574,19.402314,74.2,129.2,989,75,229,0,6,28,126,7,8
"409","Moldenhawera floribunda",25,-14.8,-39.30111,238,112,1348,30,7.87167799999999,14.987714,42.2,89.8,963.2,60.2,25,0,1,3,19,0,0
"410","Moldenhawera polysperma",18,-22.529165,-42.987045,225,167.5,1475,54,1.068083,1.6511515,47.95,42.9,788.6,24,18,0,0,0,18,0,0
"411","Mollinedia elegans",105,-25.1726,-49.05056,178,183,1540,30,7.451234,6.174192,49.6,42.6,709.4,60.8,105,0,0,6,93,5,0
"412","Mollinedia glabra",48,-19.909165,-40.48404,235.5,143.5,1218,47.5,9.1510015,3.8776655,43.6,55.65,481.8,38.5,48,0,0,0,39,0,0
"413","Mollinedia lamprophylla",11,-18.97778,-41.72028,231,156,1185,60,15.265735,21.018205,61.5,72,1496.5,54.5,11,0,0,0,9,0,0
"414","Mollinedia lanceolata",91,-12.57,-69.28,208,146,1756,53,16.9418,13.96345,106,80,2255.5,52,91,3,0,0,2,0,0
"415","Mollinedia luizae",3,-24.0403,-47.5808,226,172,1835,47,2.26845,5.099751,52.2,26.1,1195.2,1.8,3,0,0,0,3,0,0
"416","Mollinedia oligantha",33,-19.43186,-42.34611,212,153,1513,51,19.51883,37.27467,83.8,86.2,1166,68.6,33,1,0,2,24,0,0
"417","Mollinedia salicifolia",10,-21.030415,-41.349585,207.5,157,1310.5,51.5,5.7512555,6.20807,58,32.8,546.75,29.3,10,0,0,0,10,0,0
"418","Mollinedia schottiana",353,-24.4312,-48.3994,186,179,1531,41,8.889996,8.625328,64.8,49,862.799999999999,58,353,0,0,11,320,1,0
"419","Mollinedia uleana",111,-24.8538,-48.7099,186,178,1592,37,15.02347,27.659725,68,53.5,1026.5,45,111,0,0,5,95,0,0
"420","Moquiniastrum polymorphum",399,-23.13599,-48.52392,199,184,1401,43,16.804594,15.835055,82.1,83,877,73.1,399,0,24,61,229,21,0
"421","Mouriri arborea",19,-19.97139,-40.55306,213,149,1254,51,8.688421,2.98331900000001,60.2,45.4999999999999,997.099999999999,34.7,19,0,3,0,14,0,0
"422","Mouriri glazioviana",48,-15.945975,-43.563335,212.5,169.5,1361.5,77,12.254405,8.69130600000001,69.2,49.9,938,44.65,48,0,10,27,8,0,0
"423","Myrceugenia myrcioides",220,-25.11707,-48.710195,178.5,178.5,1639.5,38,5.6381155,7.91849749999999,78,48.05,949.749999999999,51.05,220,0,0,5,203,1,0
"424","Myrcia anacardiifolia",82,-24.98176,-48.58322,180,179.5,1548,39,8.19896250000001,7.13413000000001,60.95,48.95,841.8,55,82,1,1,2,73,0,0
"425","Myrcia anceps",27,-20.36333,-42.38,219,158,1365,53,10.433079,19.616199,69.5,43.6,691.7,41.9,27,2,0,4,19,0,0
"426","Myrcia grandifolia",19,-19.93111,-44.56667,206,156,1544,51,19.980642,32.753214,130.2,91.7,1230.8,53.6,19,2,0,0,14,0,0
"427","Myrcia guianensis",1910,-13.514305,-48.258335,236,155,1528,63,32.6237905,32.4986455,101,96,1811.2,65.55,1909,158,205,585,485,4,6
"428","Myrcia hexasticha",9,-24.44,-47.92919,210,168,1855,43,3.116336,7.450332,36.8,42.2,1164,21.6,9,0,0,0,9,0,0
"429","Myrcia ilheosensis",157,-19.23333,-41.38333,226,148,1538,40,14.099992,9.704328,60.6,74.6,1525.6,60.6,157,0,21,4,76,0,0
"430","Myrcia laxiflora",20,-22.52526,-43.10633,210,163.5,1514,53.5,3.1070435,4.34539999999999,63.1,42.1,726.85,33.25,20,0,0,0,18,0,0
"431","Myrcia multiflora",645,-17.18333,-48.3861,229,164,1487,61,25.4081,29.902598,97.8,100,1602,69,644,67,50,134,226,12,1
"432","Myrcia obversa",41,-16.87002,-39.6033,241,120,1278,35,6.12544,1.54361,32,47,845,41,41,0,0,0,30,0,0
"433","Myrcia pubipetala",183,-23.64222,-47.92,201,174,1567,45,15.958384,14.982084,82.9,63.7,1203.4,60.9,183,6,0,14,145,0,0
"434","Myrcia racemosa",200,-19.129515,-40.364595,232,140.5,1513.5,43,17.205615,13.400775,73.15,91.05,1415.35,59,204,2,10,6,135,0,0
"435","Myrciaria racemosa",3,-0.63333,-76.43333,249,113,3169,16,0.165006,0.314999999999998,4.5,0.900000000000006,148.5,2.7,NA,NA,NA,NA,NA,NA,NA
"436","Myrcia spectabilis",217,-23.75444,-46.46105,201,169,1625,43,17.75857,12.55617,76,76.6,1315.6,47.2,217,0,2,3,191,0,0
"437","Myrcia splendens",3491,-10.14472,-51.81,237,144,1655,57,41.19264,46.780975,101,94,2364,64,3491,429,198,557,889,0,15
"438","Myrciaria floribunda",1047,-10.73778,-54.16972,242,141,1660,57,41.80947,51.700844,92,95,2460.2,66,1042,113,79,97,266,0,6
"439","Myrcia tenuivenosa",44,-22.5,-43.27865,202.5,163.5,1462.5,52,10.0333235,9.17271099999999,77.2,60.45,1118.4,42.7,44,0,0,1,41,0,0
"440","Myrcia tijucensis",77,-24,-47.1147,197,171,1600,45,9.16157,9.088984,66.2,47.6,1227.2,55.2,77,0,0,2,67,0,0
"441","Myrcia vittoriana",109,-18.69333,-39.78306,241,130,1290,39,13.270804,6.119764,43.8,67.2,1200.4,52.8,109,1,2,0,71,0,0
"442","Myrciaria disticha",14,-22.30361,-42.369585,199,165.5,1447.5,59.5,2.9190945,2.6306975,54.25,32.1,570.9,26.35,14,0,0,0,14,0,0
"443","Myrciaria glazioviana",37,-22.58,-43.06583,206,163,1376,56,20.120352,13.535818,64.2,91.8,979.799999999999,55.8,37,0,2,1,30,0,0
"444","Myrciaria guaquiea",29,-12.53333,-41.15586,219,137,886,54,13.471222,5.47667199999999,47.6,60.6,758.599999999999,62,29,0,18,0,8,0,0
"445","Myrciaria tenella",177,-21.76139,-48.51232,216,171,1438,52,28.401076,26.933336,110.2,107.4,1556.8,75.2,177,17,7,18,77,8,1
"446","Myrocarpus frondosus",120,-23.243105,-49.517345,198,189,1514.5,39,15.2748895,25.8727985,74.1,108.05,851.6,64,120,1,2,4,82,3,0
"447","Myroxylon peruiferum",141,-18.66686,-63.71944,211,172,1303,67,33.82,43.68277,87,122,1675,66,141,0,11,23,27,0,1
"448","Myrsine coriacea",2153,4.16631,-73.03,188,163,1554,53,47.617276,56.314512,122.8,125,2375.2,74,2154,1,20,58,466,12,0
"449","Myrsine ovalis",1,-17.25,-50.83333,238,165,1502,76,0,0,0,0,0,0,NA,NA,NA,NA,NA,NA,NA
"450","Myrsine hermogenesii",49,-23.75595,-46.6361,200,168,1575,44,13.450924,10.397776,62.8,79.8,1258,43,49,0,0,0,46,0,0
"451","Myrsine parvula",133,-25.71666,-51.11164,191,196,1483,27,10.848608,15.65306,69.4,81.8,794.8,53.7999999999999,133,0,0,1,67,9,0
"452","Myrsine umbellata",820,-22,-48,202,178,1448,53.5,15.464406,24.425245,82,103.05,1061.25,70,820,6,45,190,416,10,4
"453","Naucleopsis oblongifolia",97,-4,-72.34972,259,115,2684,28,23.399646,36.295256,62.4,68.4,2037,44.3999999999999,97,17,1,1,13,0,0
"454","Nectandra cissiflora",256,-13.91667,-68.013625,229,158.5,1552.5,56,31.69354,36.3395075,104.75,89,2629.75,62.25,256,11,1,58,29,0,5
"455","Nectandra hihua",4,-23.63875,-46.864265,201.5,170,1789.5,44.5,1.2497715,2.76857450000001,52.55,7.09999999999997,578.9,22,NA,NA,NA,NA,NA,NA,NA
"456","Nectandra leucantha",50,-24.786805,-48.73098,198.5,178,1613.5,41,19.5609175,15.9667805,69.3,58.15,880.3,54.65,54,0,0,3,44,0,0
"457","Nectandra membranacea",634,-1.02611,-75.06297,216,134,1965,43,43.740786,44.550756,106.35,89,3217.3,56,634,3,8,10,160,0,0
"458","Nectandra nitidula",67,-21.12083,-44.71056,197,182,1448,71,10.712049,8.940669,81.5,78.4,1350.4,43.7,67,1,5,12,47,0,1
"459","Nectandra oppositifolia",299,-23.075,-47.5237,200,175,1503,45,28.035809,33.554528,84.3999999999999,82.1,1480.8,68,299,2,4,22,221,6,0
"460","Nectandra puberula",105,-24.5842,-48.52492,185,176,1551,37,9.401696,8.14316400000001,73.6,54.8,797,51.6,105,0,0,1,97,0,0
"461","Nectandra reticulata",461,0.927,-76.9,226,140,2084,49,37.90283,51.80697,115,98,2947,71,461,3,0,6,35,0,0
"462","Neomitranthes amblymitra",1,-23.77,-46.32,166,159,2849,37,0,0,0,0,0,0,1,0,0,0,1,0,0
"463","Neomitranthes glomerata",68,-24.5875,-48.63433,200,179,1600,40,7.326349,10.7573145,60.3,59.4,977.400000000001,45.95,68,0,2,4,52,0,0
"464","Neomitranthes warmingiana",15,-19.97139,-40.63556,204,156,1308,51,4.430749,10.748746,75.2,15.8,1282.9,20.2,15,0,0,0,14,0,0
"465","Neoraputia alba",48,-19.43442,-40.65676,236.5,154,1191.5,54.5,6.8533665,3.356956,34.3,80.3,272.9,53.95,48,0,0,0,46,0,0
"466","Ocotea aciphylla",499,-4.16666,-65.9119,243,128,2271,41,31.247702,36.861327,96.1,83,2340.6,58.1,499,65,7,20,87,0,0
"467","Ocotea aniboides",17,-20.10333,-40.44167,240,143,1222,47,3.93804,3.22469,15.6,24.8,310,24.8,17,0,0,0,13,0,0
"468","Ocotea argentea",16,-21.545835,-42.72171,211,153.5,1468.5,54,7.2101825,8.3216925,65.5,67.5,652.75,55.5,16,0,0,1,12,0,0
"469","Ocotea brachybotra",46,-22.466665,-43.43139,207.5,172,1403,55.5,15.86563,9.29957000000001,84,70.75,853,67.5,NA,NA,NA,NA,NA,NA,NA
"470","Ocotea catharinensis",93,-25.38861,-48.88763,188,179,1519,31,10.172882,11.54016,60.8,41.8,560.8,55,93,0,1,1,76,13,0
"471","Ocotea corymbosa",259,-22.47,-49,206,182,1436,57,11.765189,25.707667,79.1,69.1,623.2,63.1,259,3,7,83,115,0,0
"472","Ocotea daphnifolia",86,-21.280695,-42.298055,214.5,159.5,1459,46,11.796175,9.12208500000001,75.5,83.75,1261.25,51.25,86,0,13,0,64,0,0
"473","Ocotea diospyrifolia",340,-23.110555,-55.94597,225,195.5,1407.5,39,12.4154915,20.889195,90.05,74.1,763.3,59.05,340,1,0,24,119,0,38
"474","Ocotea dispersa",91,-23.71539,-47.05484,199,171,1639,47,7.56097,8.31527999999999,66,33,1259.5,42.5,91,0,0,2,80,0,0
"475","Ocotea divaricata",62,-20.318165,-42.15,217.5,160,1320.5,55,15.0997045,8.84159299999998,70.7,75.95,864.25,58.75,62,1,1,1,55,0,0
"476","Ocotea domatiata",13,-20.10222,-40.67694,205,158,1307,52,2.62915,2.930116,53,26.2,638.6,9.4,13,0,0,0,13,0,0
"477","Ocotea glauca",50,-18.99848,-39.921055,241,134,1225,46,13.578552,6.800058,62.95,70.4,937.9,57.7,50,0,4,0,37,0,0
"478","Ocotea glaziovii",104,-23.637915,-47.968465,189,170.5,1552.5,43,12.4056205,9.738324,71.55,53.25,933.35,53.85,104,0,2,8,91,0,0
"479","Ocotea indecora",141,-22.81208,-46.55,203,176,1483,43,13.3922,13.20134,78,87,830,51,141,0,4,5,128,0,0
"480","Ocotea insignis",13,-22.28575,-42.53092,210,171,1395,56,8.040616,5.773296,65.4,73.4,624.2,54.4,13,0,0,0,11,0,0
"481","Ocotea lancifolia",301,-19.85889,-43.61666,202,174,1418,57,15.76666,16.81407,77,91,1117,69,301,3,70,61,113,4,0
"482","Ocotea laxa",100,-23.563745,-46.622845,195.5,175,1543,47,14.044203,10.82511,65.1,71.2,1078.8,55.35,100,0,1,5,89,0,0
"483","Ocotea nectandrifolia",48,-26.682915,-48.960415,177,179.5,1589,27.5,5.7443575,4.1147685,52.65,41.25,555.05,48.3,48,0,0,0,48,0,0
"484","Ocotea odorifera",207,-22.52,-47.88021,199,175,1544,44,27.448134,36.993546,91,88.7,2228.3,63.7,207,2,1,11,152,0,0
"485","Ocotea pluridomatiata",6,-19.193405,-40.06419,240,145,1243,49,0.8495475,0.81033,34.25,19,88.25,9,6,0,0,0,5,0,0
"486","Ocotea polyantha",7,-19.58,-40.53333,232,150,1263,51,3.527807,5.288721,38.8,39.1,298.5,38.3,7,0,0,1,4,0,0
"487","Ocotea silvestris",104,-24.52065,-48.87,189,182,1516.5,35.5,9.24312249999999,12.57092,61.7,51.85,558.35,60.4,104,0,0,1,100,2,0
"488","Ocotea teleiandra",135,-25.4425,-48.78,182,180,1579,37,6.582678,6.88417000000001,58.5,42.3,630.500000000001,50.2,135,0,0,3,130,0,0
"489","Ocotea vaccinioides",40,-25.251935,-48.741895,173,175,1656.5,35.5,5.5628025,7.18410899999999,64.15,35.2,563.9,59,40,0,0,0,40,0,0
"490","Ocotea villosa",12,-22.53123,-43.420455,185.5,174,1529,60,5.7081885,6.766817,57.7,32.85,556.8,45.8,12,0,0,1,10,0,0
"491","Oreopanax capitatus",737,12.3,-84.77555,203,148,1967,60,42.22322,55.236018,127.2,96,2744,60.1999999999999,737,2,5,1,65,0,0
"492","Ormosia fastigiata",92,-15.19055,-48.561805,234.5,161,1569,67,24.07236,29.174977,87.85,92.25,1099.45,63.35,92,8,2,41,30,0,0
"493","Ouratea cuspidata",134,-18.849715,-40.261955,242,133.5,1244,43,16.0147795,9.76334799999999,57.4,86,1342.5,55.05,134,0,10,4,66,0,4
"494","Ouratea semiserrata",77,-19.85333,-43.7449,196,175,1463,75,12.846118,10.819332,102,55.6,1168,47.8,77,2,17,16,40,0,0
"495","Oxandra martiana",4,-20.812635,-41.62389,232.5,160,1318,57.5,3.3063215,2.7902885,19.5,27.35,304.4,11.2,4,0,0,0,4,0,0
"496","Oxandra nitida",22,-20.50361,-40.533335,240,142,1138,44.5,6.765422,3.5390485,41.75,53.4,503.4,33.5,22,0,0,1,15,0,0
"497","Pachira endecaphylla",4,-19.886665,-40.289585,242.5,145,1252.5,60.5,12.541956,11.284461,20.85,61.25,289.7,25.5,4,0,0,1,2,0,0
"498","Pachira stenopetala",13,-14.75917,-40.53667,230,138,1095,59,15.78637,7.275084,57.2,70.2,1014.2,29.4,13,0,4,0,9,0,0
"499","Pachystroma longifolium",96,-22.41,-48.887975,210,172.5,1348.5,43,15.60206,29.0970175,65,80,1032,63,96,1,1,2,63,5,0
"500","Palicourea macrobotrys",212,-15.837085,-64.3425,232,169,1537.5,52,18.6095135,33.7142625,74.7,90.9,2254.75,54.35,212,7,1,22,39,0,0
"501","Parapiptadenia pterosperma",63,-19.88944,-40.98,234,142,1148,49,11.113423,26.663337,41.3,68.6,1013.7,48.9,63,1,2,1,40,0,0
"502","Paratecoma peroba",12,-19.867485,-40.980695,231,157.5,1254,53.5,7.9177585,9.3093705,49.2,54.05,516.95,38.45,12,0,0,2,10,0,0
"503","Parinari brasiliensis",6,-22.25,-43.351805,205,180.5,1620,61,4.495725,6.145965,42.75,41.25,670.25,39.75,6,0,0,1,5,0,0
"504","Parinari excelsa",411,-0.73333,-39.72556,255,131,1863,59,32.529955,106.03889,94,99,2071.5,75.5,411,111,0,3,28,0,0
"505","Pausandra morisiana",101,-22.52583,-44.08333,215,164,1591,34,17.7675,10.81722,61,89,1002,45,101,3,0,1,86,0,0
"506","Peltogyne angustiflora",11,-19.97139,-40.6,226,149,1272,51,7.18014,4.083085,34.5,71.5,387,49.5,11,0,0,0,10,0,0
"507","Peltogyne discolor",12,-22.53465,-42.253475,228.5,144.5,1005.5,42,11.8200905,4.17430949999999,49.95,63.85,1065.4,57.8,12,0,3,0,8,0,0
"508","Peltogyne mattosiana",1,-22.5,-42.25,232,144,1101,47,0,0,0,0,0,0,1,0,0,0,1,0,0
"509","Peltophorum dubium",379,-20.46139,-49.3825,224,182,1265,50,34.118328,27.923829,72,110.3,1136.4,76.1,379,1,71,59,131,5,19
"510","Pera glabrata",922,-16.09375,-46.498195,231,151.5,1481.5,52,33.8211555,30.745204,89.9499999999999,97.9499999999999,1666.45,65,921,56,57,158,443,0,1
"511","Pera heteranthera",107,-17.21501,-40.83389,239,145,1321,48,14.11569,16.901607,67.3,83.1,1347.6,78.1,107,9,7,3,77,0,0
"512","Pereskia grandifolia",81,-14.01667,-44.17111,223,156,1293,61,45.53178,47.95778,87,86,1766,73,81,3,11,5,33,1,0
"513","Persea pyrifolia",100,-23.11345,-48.0679,191,184,1371.5,55,14.1691805,9.3325165,78.2499999999999,49.15,864.3,62.1,NA,NA,NA,NA,NA,NA,NA
"514","Philyra brasiliensis",45,-21.1232,-48.47655,229,179,1230,39,15.712218,19.294874,51,111.4,818,41.4,45,1,4,4,21,1,1
"515","Phyllostemonodaphne geminiflora",39,-19.67,-42.99972,236,148,1460,59,26.495913,19.824021,87.2,71.5,1286.2,40.5,39,7,0,0,25,0,0
"516","Phyllostylon brasiliense",55,20.25417,-96.925,251,203,963,76,45.680294,60.599085,64.2,124,728.3,64.9,55,0,2,0,2,0,0
"517","Picramnia ciliata",43,-19.90917,-40.55306,219,147,1452,47,10.853498,7.756376,71.9,89,1058.4,52.3,43,0,0,0,37,0,0
"518","Picramnia glazioviana",115,-20.05939,-40.98111,216,156,1424,53,11.050167,8.63200200000001,82.2,94.2,858.4,67.3,115,0,3,4,102,0,0
"519","Piper arboreum",1619,-6.12369,-58.38333,239,140,1707,53,40.698083,49.772895,79,91,2268.6,66,1618,104,49,182,411,1,6
"520","Piper caldense",236,-20.92911,-42.87124,209.5,164,1503.5,51,19.011945,14.132015,79.25,85,1156.75,57.25,236,2,8,14,204,0,0
"521","Piptadenia gonoacantha",291,-20.12833,-47.23042,213,171,1376,61,15.00136,28.211525,83,65,1003,61,291,4,5,70,156,0,4
"522","Plathymenia foliolosa",40,-13.658185,-41.705725,234.5,153,1124.5,55,16.242275,27.4645135,59.85,83.2,936,63.45,40,0,11,6,15,0,0
"523","Plathymenia reticulata",547,-14.33333,-47.33,237,166,1400,77,15.921338,21.17056,64,66.0999999999999,1086.7,45.7,547,36,80,329,48,0,21
"524","Platymiscium floribundum",210,-15.05,-42.40424,226,158,1252.5,64,20.2976545,12.425876,74.55,75.65,1335.3,78,210,4,73,39,82,0,2
"525","Platypodium elegans",571,-16.1425,-48.26889,234,174,1390,75,30.540695,33.51493,66.5,75,1380,51,570,19,61,281,100,0,17
"526","Eugenia selloi",26,-22.903605,-43.36934,212,166.5,1524.5,46,14.75007,10.730975,72,93.25,909,59.25,NA,NA,NA,NA,NA,NA,NA
"527","Plinia pseudodichasiantha",24,-26.467085,-49.16847,175.5,176,1561,25.5,9.6286635,9.645343,41.7,49,536.35,52.4,24,0,0,0,23,1,0
"528","Plinia rivularis",157,-25.21666,-54.41,216,199,1501,29,20.7062179999999,22.50067,86,117,824.2,50,157,4,3,3,61,1,0
"529","Poecilanthe falcata",59,-13.43472,-40.31361,231,137,894,58,16.254332,7.588442,42.8,70.5,1161.8,79.9,59,1,25,4,20,0,0
"530","Poeppigia procera",328,-9.11,-64.414305,245,161,1178,71,34.621841,64.917253,66.65,83.3,1807.4,73.3,328,40,95,6,14,0,1
"531","Pogonophora schomburgkiana",313,-6.83889,-43.3924,253,115,1906,48,24.347552,32.191724,63,64.8,2349.4,60.8,313,98,26,1,114,0,0
"532","Porcelia macrocarpa",16,-20.641665,-47.36741,220,169.5,1344,61.5,10.504635,15.04342,67.25,73.25,711.25,58.75,16,0,0,5,9,0,1
"533","Posoqueria acutifolia",48,-22.95625,-44.976515,184,167,1440,53,6.12486149999999,8.18248749999999,77.5,64.8,1261,36,48,0,0,1,42,0,0
"534","Posoqueria latifolia",1434,4.240275,-73.5,251,121,2346.5,51,42.306234,51.49376,97,95,3044.75,63,1434,90,20,53,267,1,0
"535","Pourouma guianensis",409,-8,-65.75,247,128,2082,46,28.263334,38.750662,79.8,87.6,2153.6,60,409,71,3,5,69,0,0
"536","Pouteria bangii",171,-12,-53,246,123,1854,48,24.97303,41.130415,56.5,83.5,2065,53.5,171,14,4,3,66,0,0
"537","Pouteria bapeba",10,-16.35833,-39.999335,230.5,129,1401.5,38.5,9.057235,3.70585999999999,41.1,68.85,1204.25,56.7,10,0,1,0,9,0,0
"538","Pouteria bullata",19,-19.95056,-40.59,210,157,1297,51,5.781964,8.75498,72.4,39.4,601.4,39.3,19,0,0,1,18,0,0
"539","Pouteria caimito",510,-3.5,-68.200135,252,118,2352,43,29.0095895,38.585846,88.55,85,2923.25,56,510,104,4,5,68,0,0
"540","Pouteria filipes",70,-2.378365,-65.47595,256.5,117,2394.5,44.5,31.023912,42.269466,52.55,77.7,2878.35,65.55,70,24,0,3,4,0,0
"541","Pouteria gardneri",158,-14.47485,-43.79362,238,155.5,1387,59.5,18.4500335,24.8984445,60.45,102.75,1186.05,69,268,11,45,44,74,6,7
"542","Pouteria gardneriana",110,-23.209435,-54.26333,221,193,1322,39,24.148359,24.107068,80.65,129.4,1539.55,78.55,NA,NA,NA,NA,NA,NA,NA
"543","Pouteria glomerata",352,-2.20546,-70.35847,255,137.5,1946,56,44.5045285,58.2097415,68.9,122.45,2789.95,69.45,352,61,7,11,25,0,20
"544","Pouteria guianensis",503,-2.88333,-67.81472,258,118,2397,45,23.283826,31.901131,66.7,70.8,2255.6,65.9,503,128,2,30,21,0,0
"545","Pouteria macahensis",42,-15.14847,-39.10662,242,121.5,1427,48,12.747379,5.34147,42.45,72.85,1158.25,55.55,42,0,1,1,31,0,0
"546","Pouteria ramiflora",561,-13.29056,-47.4926,240,168,1427,76,15.40197,20.86277,68,77,1463,42,560,62,101,316,11,0,13
"547","Pouteria reticulata",525,8.7,-82.2,253,138,2040,54,34.937832,50.881668,70.8,87,2362,67,524,95,7,8,30,0,0
"548","Pouteria torta",535,-8.44722,-68.93508,246,141,2141,52,33.342859,42.000635,84.3,93,3107.6,68.3,534,35,10,143,41,0,3
"549","Pradosia kuhlmannii",9,-16.85,-39.42,240,119,1488,31,7.96776,4.64902600000001,30.8,56.2,540.8,37.6,9,0,0,0,6,0,0
"550","Pradosia lactescens",137,-15.39583,-39.75083,234,131,1321,50,16.815486,12.55538,69.6,77,1093.6,50.6,137,0,4,1,119,0,0
"551","Protium brasiliense",68,-19.19001,-43.493915,211,173.5,1452,80.5,14.630812,13.5368465,77.65,70.55,679.400000000001,52,68,3,0,26,33,0,0
"552","Protium heptaphyllum",1394,-8.23995,-53.75653,254,130.5,1670.5,60,29.5930045,35.917752,68.35,94.35,1923.1,61,1394,229,54,242,238,0,28
"553","Protium spruceanum",313,-12.4531,-52.33333,245,155,1743,70,25.035646,31.970676,77.4,95.4,1956,67.4,313,95,2,126,21,0,0
"554","Protium warmingianum",58,-15.116665,-39.46917,237,115.5,1501,32.5,12.265011,5.992943,45.75,73.45,1083.15,65.6,58,0,3,1,45,0,0
"555","Protium widgrenii",49,-22.86666,-46.2853,194,176,1402,62,5.481854,8.078282,62,49,650.2,41.6,49,0,0,7,39,0,0
"556","Prunus brasiliensis",115,-24.08333,-49.23917,205,182,1550,34,13.771,14.326942,83.1,83.3,638.4,73,115,1,0,33,51,0,0
"557","Prunus myrtifolia",451,-23.117,-49.05361,192,181,1538,47,46.95875,35.401,101,88.5,1206.5,69,451,15,12,58,287,6,0
"558","Pseudobombax grandiflorum",143,-20.31972,-41.43278,231,154,1270,47,14.479071,11.913887,65.9,90.8,1347.6,57,143,0,5,12,95,1,0
"559","Pseudolmedia hirtula",7,-22.94611,-43.04076,220,161,1465,49,2.744375,4.82027299999999,43.2,38.2,439.9,30.7,7,0,0,0,5,0,0
"560","Pseudolmedia laevigata",432,-3.33333,-72.1,254,119,2562,41.5,22.984231,29.137248,69.9,91,2136.6,62,432,64,0,32,3,0,0
"561","Pseudolmedia laevis",418,-4.91666,-69.108335,253,132,2424.5,47,19.1724385,21.7187895,72,88,1945.35,54,418,89,0,1,0,0,0
"562","Pseudopiptadenia contorta",177,-19.04099,-41.51861,222,150,1185,53,11.54867,6.71616,54,78.4,1042.2,67.2,177,0,34,4,121,0,0
"563","Pseudopiptadenia inaequalis",20,-22.555,-43.19617,216.5,168.5,1469.5,53.5,2.764779,3.61022199999999,56.5,56.5,798.15,35.55,20,0,0,0,18,0,0
"564","Pseudopiptadenia leptostachya",30,-22.930285,-44.685685,192.5,173,1591.5,63.5,4.3111145,4.38249950000001,81.85,49,1190.8,43.3,30,0,0,2,23,0,0
"565","Pseudopiptadenia schumanniana",19,-22.43333,-42.05528,219,161,1301,53,3.39321999999999,3.46641,51.2,29.4,801.6,26.6,19,0,0,1,17,0,0
"566","Pseudopiptadenia warmingii",35,-22.525,-43.60619,218,169,1499,49,9.677277,9.737169,68.5,59.7,1104.4,56.8,35,0,0,3,30,0,0
"567","Psidium cattleianum",491,-23.3667,-46.76361,200,167,1600,41,57.144975,263.65022,95,112,1641,64.5,491,2,13,5,231,17,0
"568","Psidium guajava",2167,11.96667,-77.64399,231,170,1438,64,49.929228,248.01101,99,148,2551.5,85,2166,52,36,41,128,3,8
"569","Psidium oligospermum",247,-10.25694,-38.43778,243,128,1271,61,32.23908,53.178912,54.4,73.7,1141,58.7,247,4,51,11,104,0,0
"570","Psidium rufum",104,-19.889275,-43.70833,194.5,178,1438,79,10.1090795,7.517215,50.25,39,814.4,37.85,104,1,8,35,60,0,0
"571","Psychotria appendiculata",22,-20.617855,-42.229165,202,169.5,1371.5,60.5,16.495552,11.6082795,87.5,85.7,1251.05,47.55,22,2,1,2,17,0,0
"572","Psychotria brevicollis",81,-24.64333,-53.98333,208,207,1520,29,7.26805,14.81611,47,90,629,63,81,0,0,14,21,0,0
"573","Psychotria carthagenensis",1857,-16.2,-54.00464,231,166,1472,54,39.72124,46.681112,87,126,1692.2,72,1857,76,48,274,558,22,33
"574","Palicourea deflexa",1064,3.33333,-71.18207,246,125,2281,52,40.068955,52.0931255,68.85,87,2606.25,58.85,NA,NA,NA,NA,NA,NA,NA
"575","Psychotria glaziovii",8,-22.563195,-43.347775,188.5,166,1837.5,54.5,1.212915,3.369467,56.65,15.55,741.95,16,8,0,0,0,7,0,0
"576","Psychotria leiocarpa",516,-23.99528,-48.780415,200,185,1506,36,15.4797075,16.73416,68.75,113,1025.75,61.25,518,1,13,26,362,10,0
"577","Rudgea coronata",73,-22,-42.5,223,162,1312,52,11.64,10.503454,73.6,80.8,1427.8,50.8,71,0,4,6,50,0,0
"578","Psychotria mapourioides",630,-11.333315,-47.9,243,120,1710,47,30.9772295,31.981898,69,90,2275.55,66,630,79,52,83,210,0,0
"579","Psychotria nemorosa",204,-23.70208,-46.87095,196,170,1621.5,43,12.7135165,9.5183315,68.85,67.7,1128.9,53,204,1,5,12,171,0,0
"580","Psychotria nuda",253,-23.37376,-45.3093,208,169,1627,44,6.997924,8.591106,64.4,50,1307.4,49,253,1,0,1,219,0,0
"581","Psychotria platypoda",437,-3.5,-58.7017,246,116,2327,43,24.31047,42.431262,69,75.4,3057.8,55,437,62,6,6,122,0,0
"582","Psychotria stenocalyx",17,-22.96861,-43.22972,218,153,1409,37,6.030732,7.174134,42.2,43.6,932.4,25.2,17,0,0,0,12,0,0
"583","Palicourea sessilis",576,-22.51667,-45.576765,189,175,1476,56,14.7854175,11.191025,75,87.25,1010.75,63,NA,NA,NA,NA,NA,NA,NA
"584","Pterocarpus rohrii",599,1.43517,-73.58333,251,139,2037,56,41.389523,55.958941,83.2,86.1,2793.8,77,599,53,9,12,101,0,6
"585","Pterogyne nitens",344,-19.111815,-52.87639,229,178,996.5,58.5,18.0622945,25.0272695,57,108,869.7,70.7,344,0,97,43,49,0,27
"586","Qualea gestasiana",12,-21.29676,-43.18227,197.5,161,1666.5,54,12.622543,7.8238385,93.15,51.6,896.299999999999,19.95,12,1,0,0,11,0,0
"587","Quararibea turbinata",92,-9.567135,-43.25667,238,131,1598.5,37,41.743156,31.097551,50.35,76.35,1586.4,45.25,92,0,1,1,40,0,0
"588","Quiina glaziovii",34,-24.284905,-47.553775,203.5,172,1620.5,42,11.8245635,10.111852,72.05,78.5,1353.65,47.05,34,0,0,1,28,0,0
"589","Ramisia brasiliensis",46,-19.822055,-40.713305,234,156.5,1147.5,56.5,5.98635,2.44669,34,72.5,405.5,46.75,46,0,0,0,45,0,0
"590","Randia armata",1259,-4.09972,-67.66,245,144,1501,59,43.7409,66.683771,81.1,113.1,2582.7,92,1258,47,108,78,182,3,30
"591","Rauvolfia grandiflora",81,-14.00167,-39.16694,238,114,1322,44,13.58278,6.53333,48,70,1318,51,81,1,8,0,68,0,0
"592","Rhamnidium glabrum",14,-23.45348,-49.21169,216.5,174.5,1490,36,16.562342,28.41673,78.9,85.95,1372.8,33.75,14,0,0,1,9,0,0
"593","Rhodostemonodaphne macrocalyx",46,-22.266945,-43.135415,201,162,1356.5,53,8.329925,8.69601,70.25,64.25,1088.5,40.5,46,0,0,1,42,0,0
"594","Rinorea bahiensis",24,-16.175,-39.846225,242,121.5,1272.5,44.5,20.200089,18.2400535,50.2999999999999,74.25,903.55,71.4,24,1,1,1,16,0,0
"595","Rinorea guianensis",6,-6.238805,-61.975,256.5,105,2298.5,41.5,13.004675,22.3508975,27.5,52.25,1154.25,53.25,153,76,1,2,40,0,0
"596","Rinorea paniculata",147,-9.1839,-55.4092,255,117,2092,47,21.645773,34.274002,58.4,92.5999999999999,1720.8,61,NA,NA,NA,NA,NA,NA,NA
"597","Rinorea ramiziana",2,-18.351075,-39.840925,241,133.5,1281,35.5,0.00193499999999602,0.0136710000000022,0,0.899999999999977,28.7999999999997,0.899999999999991,2,0,0,0,2,0,0
"598","Annona neolaurifolia",42,-19.45615,-42.51546,228.5,158,1419.5,52.5,8.9950795,9.34514049999999,64.85,88.85,837.649999999999,69.95,NA,NA,NA,NA,NA,NA,NA
"599","Roupala gracilis",2,-23,-43.77917,221.5,150.5,1652.5,43.5,0.0630000000000024,0.940500000000007,17.1,6.29999999999995,222.3,4.5,2,0,0,0,0,0,0
"600","Roupala longepetiolata",7,-22.5309,-42.5,180,171,1437,62,2.4992,3.582743,84.6,47.4,586.9,24.9,7,0,0,0,6,0,0
"601","Roupala montana",1156,-14.416945,-51.989305,218,164,1561,64,41.742015,47.7552275,108,91.25,2052.75,65,1129,46,71,268,258,4,4
"602","Rudgea erythrocarpa",11,-21.92,-43.23333,208,161,1523,59,10.98294,9.20327,53.5,30,614,26,11,0,0,4,7,0,0
"603","Rudgea interrupta",34,-15.18236,-39.61514,230.5,115.5,1272,24,10.07428,4.09395600000001,47.15,71.45,1248.75,49.1,34,0,1,0,28,0,0
"604","Rudgea jasminoides",428,-24.15167,-48.69638,189,180,1544,40,8.689907,14.177167,68.65,62.3,957.95,52.65,428,0,1,32,356,0,0
"605","Rudgea macrophylla",14,-22.915,-43.28,220.5,153.5,1429.5,43.5,1.04383900000001,2.1554935,24.7,41,545.9,29.25,14,0,0,0,10,0,0
"606","Rudgea recurva",92,-24.041345,-46.8035,205,171.5,1619.5,46,6.936448,7.0854205,62.9,49.9,1205.6,50.9,92,0,0,4,84,0,0
"607","Rudgea vellerea",25,-22.65,-44.4053,199,170,1691,56,1.308734,2.679156,73.6,28,1230,24.2,25,0,0,1,19,0,0
"608","Magoniella obidensis",7,-22.88326,-43.0084,228,161,1326,49,4.902596,7.296995,48.6,49.5,851.8,22.8,NA,NA,NA,NA,NA,NA,NA
"609","Ruprechtia laxiflora",275,-23.76108,-53.91666,219,198,1298,36,21.173178,27.519599,75.3,129.5,1289.6,76,275,1,60,4,69,9,0
"610","Rustia formosa",73,-18.52417,-47.34722,218,160,1561,75,8.337762,8.672332,70.2,53.6,1287.6,42,73,0,0,37,30,0,0
"611","Rustia gracilis",5,-22.43333,-42.85,220,171,1595,59,17.516566,29.704382,41.6,55.4,2003.8,34.4,5,0,0,0,4,0,0
"612","Sagotia racemosa",215,-0.13357,-60.22139,263,115,2508,49,17.982452,29.017504,25.3,61.6,1891.1,60.3,215,83,0,0,0,0,0
"613","Sapindus saponaria",1628,17.33448,-89.241665,240.5,171,1212.5,68,54.3264695,73.6622815,131,270,2211.25,75,1628,26,73,26,47,0,35
"614","Sapium glandulosum",1282,-8.226915,-62.99194,235,145,1638,59,44.612689,52.649208,108.95,102,2701.65,75.95,1281,69,118,128,238,13,5
"615","Sarcaulus brasiliensis",226,-3.5,-71.116945,253.5,121,2472,47,25.005,44.811315,65.75,61.75,2889,54.75,226,39,2,1,22,0,0
"616","Schefflera angustissima",104,-23.65653,-47.01517,181.5,174,1627.5,45,5.737767,7.276478,70.85,40.7,1102.5,50,104,0,0,2,96,0,0
"617","Schefflera longipetiolata",15,-22.43333,-42.25,206,169,1410,58,3.393385,7.26441999999999,96.3,49.1,787.7,29.4,15,0,0,0,14,0,0
"618","Schefflera morototoni",662,-4.228015,-63.55,250,130,1935,55,40.83138,53.7796895,73.9499999999999,101.95,2212.7,65,662,94,19,52,94,0,1
"619","Schinus terebinthifolia",1196,-23.292195,-46.691665,206,184,1395.5,41,64.4204825,270.1776575,94,137,1602.25,75,1196,3,21,36,511,21,0
"620","Schizocalyx cuspidatus",55,-19.95458,-42.08333,222,161,1380,53,14.849302,16.817115,81.1,89.2,1225.3,59.8,55,4,1,2,46,0,0
"621","Schizolobium parahyba",246,7.249785,-77.349305,247,161,2027.5,57,43.588595,55.1179175,86,93.75,2740.25,71.5,246,7,1,9,45,1,0
"622","Sebastiania brasiliensis",688,-23.36015,-54.04236,215,193,1423.5,40,16.082946,22.973928,89.65,111,1115.85,76,688,1,21,132,200,10,20
"623","Sebastiania klotzschiana",127,-26.64,-51.86169,193,197,1496,25,10.249544,11.842192,68.4999999999999,77.2,880.799999999999,61.7,NA,NA,NA,NA,NA,NA,NA
"624","Senefeldera verticillata",87,-18.99778,-40.45778,236,144,1246,53,14.100251,8.571046,51.6,86.7,1224.4,62,87,1,4,0,75,0,0
"625","Senegalia kallunkiae",14,-14.188675,-40.51889,227,140,877.5,43,10.0557315,3.595978,47.85,56.65,1310.05,37.55,14,0,5,0,8,0,0
"626","Senegalia polyphylla",1127,-11.80583,-51.70167,241,166,1388,69,41.650597,57.51236,73.7,86,1975,78,1127,86,170,299,156,0,29
"627","Senna multijuga",846,-11.12,-51.075685,239,155,1716.5,54,43.32584,55.16921,98,92,2280,70,846,103,9,90,286,4,0
"628","Sideroxylon obtusifolium",644,-8.549305,-57.892635,245,151,1016,59,47.1953185,53.7842445,73,116.85,1367.4,71,644,1,192,8,56,9,18
"629","Simarouba amara",838,-3.826595,-61.63333,249,134,1829.5,58,30.573675,48.8996565,72,88,3008.45,73,838,124,95,76,83,0,2
"630","Simira pikia",20,-16.578885,-60.67694,240,189,1381,58,10.043762,19.415906,62.2,35.1,847.95,22.25,20,1,0,0,6,0,0
"631","Siparuna guianensis",1639,-5.31667,-58.8333,254,134,1928,60,30.91563,38.316247,74,94,2554.6,62,1639,290,21,305,212,0,9
"632","Siparuna reginae",124,-3.10094,-64.058335,259,117.5,2358.5,40.5,26.9948865,36.783944,61.85,83.1,2274.3,59.85,124,24,0,3,28,0,0
"633","Siphoneugena crassifolia",31,-22.72861,-45.97722,180,185,1535,65,4.67393,7.15502000000001,70.5,50.5,671.5,54,31,0,0,4,26,0,0
"634","Siphoneugena densiflora",98,-18.225895,-46.9271,205.5,169.5,1505.5,78.5,41.1354115,23.8440925,72.45,52.3,1061.55,43.75,98,1,1,57,31,0,0
"635","Sloanea garckeana",140,-12.01764,-50.513465,250,148,1685.5,56,29.376564,34.287456,76.45,93.1,1313.65,56.05,140,32,2,7,60,0,1
"636","Sloanea guianensis",510,-10.47284,-61.475,246,139,1970.5,46,33.9697275,40.471252,84,92,2842.25,65,510,50,12,39,132,1,0
"637","Sloanea hirsuta",146,-22.559445,-44.854305,194.5,171,1474.5,51,12.1084,11.658125,87.25,84.5,871,65,146,0,0,9,130,1,0
"638","Sloanea monosperma",144,-22.52835,-45.09434,199.5,172,1567.5,54.5,18.4215595,101.559538,97.55,91.85,1479.3,80.4,144,5,2,11,82,0,0
"639","Sloanea retusa",7,-18.97833,-41.3,210,157,1207,59,9.51336,6.208222,44.5,43.1,773,29,7,0,2,1,4,0,0
"640","Solanum argenteum",29,9.48,-84.03,218,138,2696,55,37.450452,32.915816,87.8,106,3060.2,61.2,137,1,0,11,64,1,0
"641","Solanum swartzianum",478,-22.27778,-45.064715,202,172,1488,55.5,30.70186,37.4319725,88.45,87.15,1753.4,62.15,370,6,7,24,279,0,0
"642","Solanum leucodendron",48,-20.587085,-42.9989,193,176.5,1440,64.5,2.720156,5.03980050000001,66.9,40.95,635.85,41.3,48,0,0,2,45,0,0
"643","Solanum pseudoquina",349,-24.4312,-48.62776,190,179,1558,39,9.87687599999999,13.84389,82.6,79.6,1088.2,62.2,349,1,5,17,262,15,0
"644","Solanum schlechtendalianum",655,8.73333,-79.64777,243,136,2323,59,36.379527,46.109254,87.3,105,2889,66.3,655,90,0,13,1,0,0
"645","Solanum sycocarpum",54,-14.690685,-39.51536,229.5,122,1117,42.5,14.5487305,6.3543875,45.45,55.75,1124.75,56.3499999999999,54,0,8,0,41,0,0
"646","Sorocea bonplandii",339,-25.41666,-50.07861,196,192,1503,27,12.280932,14.407252,74.2,77.1,697.299999999999,67,339,2,2,28,200,15,0
"647","Sorocea guilleminiana",314,-14.39458,-52.51285,243,152,1594.5,57,21.442434,32.638571,79.7,92.35,1660.05,62,314,68,7,47,97,2,1
"648","Sorocea hilarii",171,-16.88,-39.83333,239,128,1256,44,15.211375,10.179435,52,74,1149.5,47,171,3,5,2,133,0,0
"649","Sorocea racemosa",44,-15.133055,-39.64771,234.5,131,1476,44,11.3932155,7.3418755,44.25,74,1085.75,46.4,44,0,2,0,38,0,0
"650","Sparattosperma leucanthum",216,-18.746525,-43.60986,234,163,1406,53,13.8745775,31.9515875,73.25,84.5,1602.25,56,216,15,11,8,112,0,0
"651","Spondias venulosa",75,-18.41944,-40.4722,235,142,1142,44,16.473073,20.465831,59.9,78.6,1232.2,66.9,75,2,13,2,45,0,0
"652","Stephanopodium blanchetianum",53,-15.16667,-39.3972,239,115,1272,22,7.77355,2.958554,38,73.6,1365.8,57.4,53,0,3,0,45,0,0
"653","Stephanopodium estrellense",4,-23.17625,-44.449305,228.5,165,1959,42.5,0.617918000000003,1.49688500000001,9.25,28.65,1056.05,4.7,4,0,0,0,1,0,0
"654","Sterculia curiosa",7,-22.64278,-45.287,201,183,1345,69,10.927934,6.121742,51,76.9999999999999,488.6,50.6,7,0,0,2,5,0,0
"655","Stifftia chrysantha",37,-22.56667,-43.21208,220,169,1345,48,40.56355,82.2464759999991,67.6,70,1140.2,46.2,37,0,1,2,25,0,0
"656","Strychnos acuta",29,-22.90696,-43.20767,220,163,1345,49,15.566984,7.401138,71.8,55.4,1064.2,52.8,29,0,2,2,22,0,0
"657","Stryphnodendron adstringens",277,-17.70806,-47.47139,210,174,1429,76,12.121646,13.292006,69,50,870.4,47,277,3,22,200,51,0,0
"658","Stryphnodendron polyphyllum",113,-19.14417,-43.89056,221,175,1461,75,9.997824,12.043324,74,55.4,773.6,39.8,113,1,4,55,51,0,0
"659","Stylogyne depauperata",5,-22.51667,-47.5955,225,141,1870,46,27.195912,9.992224,67.8,52.6,1007,18.6,5,0,0,0,2,0,0
"660","Stylogyne lhotzkyana",12,-22.466665,-42.894165,215.5,164.5,1468,51.5,6.796343,7.9512005,64.35,56.3,828.3,36.1,12,0,0,0,12,0,0
"661","Swartzia apetala",364,-13.541665,-39.519695,240,128,1261.5,47.5,12.0304185,6.9614865,50.85,76.85,1258.2,62,364,4,51,14,240,0,1
"662","Swartzia flaemingii",184,-11.97125,-42.043125,242,144,1415,64.5,19.0972665,11.879592,74.55,88.85,1562.85,79,184,18,35,28,83,0,0
"663","Swartzia langsdorffii",34,-22.91487,-46.27938,212.5,167.5,1459,52,8.024066,6.3834715,60.8499999999999,54.5,1482.55,38.45,34,0,0,7,22,0,0
"664","Swartzia myrtifolia",278,-13.667495,-67.858805,243,143,1927.5,51,38.343791,49.8523595,89.45,89,3051.3,57,219,6,0,1,61,0,0
"665","Swartzia oblata",52,-19.80889,-41.17083,217,156.5,1299,51,11.125777,8.62487549999999,72.7,88.8,1550.95,65.25,52,0,2,4,41,0,0
"666","Swartzia simplex",902,8.406335,-78.800135,251,118,2505,49,37.1250195,60.73337,59,91,3030.75,91,743,17,2,1,85,0,0
"667","Syagrus romanzoffiana",168,-23.623195,-49.58833,206,192.5,1406.5,40,57.508746,234.920298,75,88.3,846.2,65,168,1,0,20,64,3,0
"668","Symphonia globulifera",1161,-0.16,-66.61666,252,116,2444,48,30.23333,95.41767,73,73,3080,58,1161,191,9,9,113,0,0
"669","Syzygium jambos",894,12.939305,-76.471665,222,157,1836.5,60,48.325479,219.425721,96.3499999999999,125,2435.5,75,894,3,18,21,56,1,1
"670","Tabebuia cassinoides",66,-22.15,-42.4025,231,145.5,1411.5,44,10.9792325,9.49917249999999,69.5,81.25,1373.25,52.75,66,0,0,2,47,0,0
"671","Tabebuia roseoalba",189,-16.18694,-48.41667,240,168,1377,66,16.74313,29.483774,63.6,91.2,920.4,58.6,188,4,6,80,51,1,8
"672","Tabernaemontana catharinensis",516,-24.62247,-52.39474,211,196,1406.5,34,23.95019,18.38758,62.25,100.75,750.75,76,516,1,25,46,232,10,0
"673","Tabernaemontana laeta",144,-20.713195,-42.61861,226,164,1329.5,56,15.813258,11.491148,72.7,85.4,1474.6,49.55,144,4,9,10,100,0,0
"674","Sclerolobium denudatum",26,-23.594555,-46.75014,190,170.5,1514,45.5,2.315605,5.68979,64,50.25,1106.5,31.5,NA,NA,NA,NA,NA,NA,NA
"675","Tachigali paratyensis",35,-22.34545,-42.83333,213,160,1404,58,14.618761,9.805393,53.6,68.2,787.1,51.6,35,0,2,1,30,0,0
"676","Sclerolobium pilgerianum",12,-22.49472,-43.216675,223,167.5,1475,52,3.8211395,4.5686405,60.9,43.85,829.95,33.3,NA,NA,NA,NA,NA,NA,NA
"677","Talisia cerasina",188,-7.041665,-69.251665,256,124,2209.5,46,23.035306,39.1950505,47.6,82,1976.8,53,188,45,0,2,16,0,1
"678","Talisia coriacea",6,-7.58264,-49.89014,257,111.5,1603,46.5,20.3635975,29.57348,59,29,1138.25,51,6,2,0,0,3,0,0
"679","Tapirira guianensis",2393,-9.02278,-56.52217,248,130,1832,53,30.613048,40.24579,76,92,2638.4,67,2388,285,91,456,363,0,0
"680","Terminalia argentea",374,-16.487985,-48.55875,236,174,1409,75,11.015141,21.546884,60,60.35,854.45,48,373,11,15,233,22,0,19
"681","Terminalia catappa",616,8.5,-67.49069,256,136,1839,58,43.518685,256.088845,65.25,108.25,3100.75,85,616,7,6,5,29,0,0
"682","Terminalia glabrescens",228,-15.883335,-47.59972,226,172.5,1390.5,73,13.551095,20.6174525,72,84,1184.8,62.3,227,7,39,108,53,0,1
"683","Terminalia januarensis",18,-23.000295,-45.0607,200,172,1402,55.5,9.861814,7.2180185,69.9,46.6,1760.4,36.9,18,0,1,2,12,0,0
"684","Terminalia kuhlmannii",7,-18.78236,-40.43583,215,150,1156,52,6.748816,5.951305,51.2,61.8,402.2,56.8,7,0,0,1,6,0,0
"685","Tetrastylidium grandifolium",57,-19.92222,-42.34778,217,157,1610,43,12.626502,9.67533,73.8,82.4,1290,67,57,0,2,2,44,0,0
"686","Tetrorchidium rubrivenium",257,-5.83333,-67.96111,209,140,1630,43,38.055142,35.611166,136,103,2364.4,52,257,4,1,1,73,2,0
"687","Pleroma arboreum",57,-20.5175,-42.16389,205,161,1345,53,7.88952,6.230586,77.2,69.6,765,47.8,NA,NA,NA,NA,NA,NA,NA
"688","Tibouchina estrellensis",98,-20.96,-43.34625,198,173,1406.5,64,3.8325265,5.75385349999999,67.15,51.15,739.4,40.6,98,0,0,7,83,0,0
"689","Tocoyena sellowiana",101,-8.72056,-37.26389,251,121,1426,63,23.54639,14.07812,73,98,1312,76,101,4,25,2,48,0,1
"690","Toulicia laevigata",9,-20.44385,-43.31624,230,182,1260,81,7.804152,2.06488000000001,35.6,52.2,518.2,41.2,9,0,0,3,6,0,0
"691","Toulicia subsquamulata",7,-14.41666,-61.5422,246,184,1355,68,2.849658,6.74906499999999,11.5,26,522.5,4.8,7,1,0,1,0,0,0
"692","Tovomita glazioviana",15,-22.25,-42.83333,213,161,1409,50,8.596641,4.17352200000001,83.6,79.7,745.3,64.6,15,0,0,1,14,0,0
"693","Tovomita leucantha",11,-22.48222,-42.9125,220,154,1301,41,5.685205,3.41782500000001,30,71,433,52,11,0,0,0,8,0,0
"694","Tovomita paniculata",49,-22.5345,-43.51472,186,171,1419,62,4.5058,5.51523600000001,69.2,48,1157,41.4,49,1,0,2,46,0,0
"695","Trattinnickia ferruginea",2,-20.078165,-42.7297,206,190.5,1401,78.5,1.227249,1.21024799999999,1.79999999999995,15.3,239.4,13.5,2,0,0,1,1,0,0
"696","Trichilia casaretti",150,-22.45736,-43.31343,222,161.5,1275,43,12.9013085,11.907587,66.55,81.55,984.25,53.55,150,0,1,14,118,0,0
"697","Trichilia catigua",425,-23.3,-53.95444,215,195,1456,39,13.05189,18.279062,62.8,87,715,71,425,8,1,101,123,3,16
"698","Trichilia claussenii",264,-22.366665,-53.215,201.5,190,1366,55.5,15.026721,22.4549855,74.85,114.85,1178.7,80,264,0,0,50,90,10,3
"699","Trichilia elegans",828,-21.24828,-54.105,217,183,1453.5,43,27.654168,36.125305,90.65,115.65,1539.75,72.65,828,27,12,86,283,14,17
"700","Trichilia hirta",999,16.36667,-88.44861,242,170,1180,79,41.259609,64.883997,87.1999999999999,129.1,1890.6,76,999,6,93,41,75,0,4
"701","Trichilia lepidota",150,-14.77374,-40.205,239.5,126,1482.5,44,35.681128,26.7484565,79.65,90.55,1443.45,70,150,2,6,3,104,0,2
"702","Trichilia martiana",620,11.89166,-85.87514,249,141,1983,68,21.5911085,40.3799869999999,88,87,2675.6,65,619,23,0,2,15,0,0
"703","Trichilia pallida",1457,-1.09583,-72.88408,245,140,1898,51,41.973234,44.07668,74,100.2,2455,66,1457,91,1,117,153,0,9
"704","Trichilia pseudostipularis",57,-19.14861,-40.15639,238,145,1207,45,8.889204,6.282008,45.2,72.8,710.2,46.4,57,0,1,0,53,0,0
"705","Trichilia ramalhoi",28,-14.181945,-39.117625,238,120,1432,50,16.8970125,9.07060249999999,61.95,59.8999999999999,1263.45,65.5,28,1,4,0,19,0,0
"706","Trichilia silvatica",62,-22.509355,-43.490415,220.5,162,1410,46,17.8054745,17.741525,72.8,72.9,1367.3,47.75,62,1,1,1,50,0,1
"707","Trichilia dregeana",1,-7.41667,-78.83333,153,176,488,96,0,0,0,0,0,0,NA,NA,NA,NA,NA,NA,NA
"708","Trichilia tomentosa",20,6.593615,-86.3875,247.5,149.5,2197.5,66,33.2905585,27.181567,87.5,34.5,3026.6,49.1,21,0,0,0,0,0,0
"709","Trigonia nivea",600,-13.05653,-41.389445,225,151,1265,59,18.4316565,23.420391,75.05,89.05,1333.9,63.05,599,32,175,49,274,0,1
"710","Trigoniodendron spiritusanctense",6,-20.8004,-41.084445,239.5,146.5,1077,50.5,1.997045,1.07297249999999,12,33,198.75,11,6,0,0,0,6,0,0
"711","Trigynaea oblongifolia",12,-20.025835,-45.70781,218.5,178,1574,66.5,9.410142,10.7976505,90.7,43.9,967.249999999999,35.55,12,0,0,6,6,0,0
"712","Tripterodendron filicifolium",1,-23.36701,-45.08351,174,177,1860,56,0,0,0,0,0,0,1,0,0,0,1,0,0
"713","Unonopsis sanctae-teresae",11,-19.92389,-40.59389,204,157,1303,52,0.419435,0.240250000000003,27,9,98,10,11,0,0,0,11,0,0
"714","Urbanodendron bahiense",12,-22.647785,-43.12434,219,161,1398.5,52.5,0.766366499999997,2.8507195,64.45,45.95,459.55,36.25,12,0,0,0,10,0,0
"715","Urbanodendron verrucosum",31,-22.53333,-42.93333,228,167,1356,52,3.82868,4.13625,39.5,51.5,451,45.5,31,0,0,1,25,0,0
"716","Urera baccifera",1119,-3.5,-73.42583,229,142,1728,50,44.683415,51.664496,95.1,122.1,3029.3,79,1119,33,23,36,163,3,1
"717","Vatairea heteroptera",19,-19.89139,-41.09444,232,148,1402,50,12.031797,9.782222,61.7,89.3,691.3,61.3,19,0,0,0,19,0,0
"718","Vernonanthura discolor",195,-25.37,-49.15208,176,182,1547,27,13.252091,11.094217,85,71.2,810.899999999999,61,195,0,1,7,177,0,0
"719","Vernonanthura divaricata",185,-22,-43.5,198,171,1441,58,12.838736,10.615194,75.6,98.8,1100.2,67.6,185,0,2,13,157,0,0
"720","Virola bicuhyba",43,-23.38111,-46.62333,201,173,1581,46,14.759322,10.222032,76.9,82.4,1041.6,55.2,43,2,0,1,39,0,0
"721","Virola gardneri",57,-19.14417,-40.62194,231,141,1596,45,16.50099,12.170096,65.2,85.6,1226.4,54.4,57,1,2,0,48,0,0
"722","Virola sebifera",1164,-3.04583,-67.66847,251,134,2244.5,56,29.621673,36.607054,66,93,2732.7,62,1163,223,0,229,11,0,1
"723","Vismia guianensis",769,-7.115,-44.2,249,118,1688,56,23.4555,40.480532,69,72.1999999999998,2173.8,67,769,149,130,37,206,0,0
"724","Vismia martiana",34,-19.15611,-40.06792,241,143,1272,47,11.6066755,4.4874465,53.4499999999999,70.05,1054.65,50.8,34,1,0,0,29,0,0
"725","Vitex polygama",213,-19.96944,-45.75,213,169,1385,65,15.383996,15.11699,91.2,74.4,997.4,52,212,4,14,66,112,0,0
"726","Vochysia angelica",3,-19.3911,-39.97744,242,142,1213,49,0.744803999999998,0.306000000000004,2.70000000000002,13.5,113.4,11.7,3,0,0,0,2,0,0
"727","Vochysia gummifera",2,-21.39486,-41.38375,224.5,146.5,1171.5,47.5,1.989252,1.55924999999999,13.5,4.5,126.9,0.899999999999999,2,0,0,0,2,0,0
"728","Vochysia laurifolia",27,-22.2927,-43.175,201,166,1529,56,10.395872,7.941438,73.2,78.5,988.7,51.8,27,0,6,1,16,0,0
"729","Vochysia oppugnata",22,-19.08592,-43.00309,208.5,160.5,1320.5,56,12.3579015,8.31440900000001,81.4,55.5,893.15,59.95,22,0,4,3,14,0,0
"730","Vochysia rectiflora",16,-20.091195,-41.053055,209,161.5,1307,53.5,10.829365,5.0570225,50.5,66.5,549,41.75,16,0,0,2,13,0,0
"731","Vochysia saldanhana",11,-22.45528,-42.87333,186,170,1576,60,1.72644,3.44958500000001,65.5,28.5,620.5,23.5,11,0,0,0,11,0,0
"732","Xylopia brasiliensis",97,-23.43,-47.88028,205,177,1494,47,15.87156,15.189886,86.4,93,1035.4,58.8,97,7,0,15,57,0,1
"733","Xylopia laevigata",169,-11.38553,-37.86667,245,125,1277,59,13.95563,6.91498599999999,54.6,70.6,1130.4,51.2,169,0,38,3,99,0,0
"734","Xylopia langsdorfiana",22,-24.06736,-47.4665,217.5,165,1892,43,6.8338155,6.26418150000001,62.4,49.6,1473.8,29.55,22,1,0,1,17,0,0
"735","Xylopia sericea",288,-12.95,-50.01625,242,144,1575,62,31.311125,40.946717,68.3,86,2277.05,67.65,288,29,10,59,70,0,0
"736","Xylosma prockia",71,-23.2178,-47.1125,186,176,1592,38,16.47137,10.276095,89.5,82.5,1275.5,56.5,71,0,4,2,60,1,0
"737","Zanthoxylum fagara",1063,16.13333,-86.60333,221,196,1061,70,52.925669,56.532553,96,152.9,1414.5,88.9,1063,1,7,11,78,8,7
"738","Zanthoxylum rhoifolium",1126,-16.360135,-50.94119,215,171,1487,54.5,41.0832625,46.7537475,97.75,118.75,1674.75,78,1126,67,124,166,331,18,2
"739","Zanthoxylum riedelianum",367,-9.66666,-73.22805,243,159,1748,58,43.938329,49.717832,81.4,107.1,2743.6,71.7,367,8,4,75,17,0,9
"740","Zeyheria tuberculosa",184,-17.06055,-42.29222,227,168.5,1111.5,62,12.551882,24.523884,62.7,78.85,796.55,55.85,184,1,43,29,75,0,2
"741","Sarcomphalus glaziovii",6,-19.971,-40.654165,241,153,1220.5,52,2.979615,2.4708225,33.25,41.75,207,17.25,NA,NA,NA,NA,NA,NA,NA
"742","Sarcomphalus platyphyllus",28,-18.498315,-39.69734,244,130.5,1254.5,46,16.0992475,5.1170245,36.5,38.6,919.15,44.25,NA,NA,NA,NA,NA,NA,NA
"743","Zollernia glabra",58,-21.66597,-41.198065,232,141,1169.5,42,9.548495,5.283683,36.75,57.75,998.35,29.9,58,0,0,1,33,0,0
"744","Zollernia ilicifolia",117,-22.57083,-45.64972,212,165,1439,43,21.763168,14.08892,79.3999999999999,84.4,1717.8,66.4,117,1,19,12,71,0,0
"745","Zygia latifolia",394,1.144015,-66.278295,261,119,2360.5,54,33.4289185,52.0611265,41,88.35,3286.3,64,394,95,4,11,16,0,5
